Monit_MAP_CODE1,Year,mean_TOTAL_TAX,mean_SALE_VALUE,mean_FIN_SQ_FT,mean_ACRES_DEED,pct_garage_yes,homestead_y_count,homestead_n_count,GREEN_ACRE_y_count,GREEN_ACRE_n_count,LAKE_NAME,latitude,longitude,avg_secchi_depth,avg_total_phosphorus
02000500-01,2004,2511.990432453119,85214.21125143513,0.0,0.0,NaN,1800,813,63,2550,George Watch Lake,45.17640481,-93.08905468,0.7050000000000001,0.199
10000200-01,2004,820.4336746302616,169311.4536973834,1284.0343572241184,0.47629124004550744,66.66666666666666,3328,1061,8,699,Riley Lake,44.83469027,-93.51695191,2.3642857142857143,0.04671428571428572
10001100-01,2004,3612.712141882674,207885.57025920873,1335.4542974079127,0.2034106412005457,87.8581173260573,637,94,0,733,St. Joe Lake,44.8756457,-93.62296909,2.6294117647058823,0.024823529411764717
10001900-01,2004,2250.1157937806875,199070.7823240589,1029.328968903437,1.0758060556464815,66.85761047463176,1548,885,31,2413,Bavaria Lake,44.83812233,-93.63778927,1.98625,0.03731250000000001
10005200-01,2004,1632.5636645962734,116258.10559006211,1151.194099378882,16.295776397515517,69.25465838509317,516,128,65,579,Reitz Lake,44.83862568,-93.74452179,1.9363636363636365,0.10909090909090909
10009500-01,2004,2106.7124352331607,117338.15025906736,1372.7849740932643,25.150414507772005,71.50259067357513,335,47,38,348,Swede Lake,44.930824,-93.8182476,0.5738461538461538,0.21215384615384617
10012100-01,2004,1457.800486618005,86280.93673965937,895.6009732360097,43.025060827250606,50.121654501216554,351,58,42,369,Eagle Lake,44.80860271,-93.93464391,1.0363636363636364,0.1948181818181818
19002100-01,2004,2415.7519464059387,112362.99547347456,2150.3070794857867,0.0,NaN,4863,562,0,5427,Alimagnet Lake,44.74812624,-93.24821298,0.445,0.1645
19002200-01,2004,2464.189224193757,137042.14764926824,2233.3145965548506,0.0,NaN,7260,393,0,7653,Long Lake,44.7559202,-93.17320832,1.364328125,0.0875625
19002300-01,2004,2820.459741956557,185359.1559692961,2092.037073330067,0.0,NaN,5105,909,2,6024,Farquar Lake,44.75863717,-93.1646402,0.48571428571428577,0.19692857142857143
19002400-01,2004,4211.76174743025,112838.10646108663,4971.737885462555,0.0,NaN,2185,506,0,2694,Wood Lake,44.74111827,-93.2658604,1.437857142857143,0.048142857142857154
19002500-01,2004,2335.723359799415,117264.71040534893,2168.734642707898,0.0,NaN,2203,179,0,2382,Keller Lake,44.72650508,-93.2520238,1.5199999999999998,0.039733333333333336
19002601-01,2004,2597.659420289855,135206.3355822089,2626.917124770948,0.9621031151091141,NaN,8678,3086,304,8889,Marion Lake,44.65825741,-93.27557035,1.7966666666666669,0.03993333333333334
19002700-01,2004,2579.7007915567283,119127.43430079156,2120.8870712401053,0.0,NaN,1676,175,0,1853,Crystal Lake,44.72296805,-93.27036573,1.9400000000000002,0.04
19002900-01,2004,3227.0704334365323,117311.81269349845,2238.441950464396,0.0,NaN,942,315,0,1257,Lee Lake,44.71229881,-93.28746428,1.37,0.05566666666666667
19003100-01,2004,1735.6781981981983,152251.9708108108,1890.2230630630631,2.9033801801801813,NaN,1987,732,45,1718,Orchard Lake,44.7022537,-93.31089353,2.628571428571429,0.03578571428571429
19003300-01,2004,7072.656346749226,168912.2567448032,4041.7567448031846,0.0,NaN,3770,700,0,4480,Earley Lake,44.73975323,-93.29337284,1.6849999999999998,0.060666666666666674
19034800-01,2004,2030.8237389569679,126786.01168424053,1586.4491308064976,0.0,NaN,6038,902,21,6921,Valley Lake,44.71508954,-93.20902364,1.7846153846153845,0.04338461538461539
19044600-01,2004,2608.417396380619,164367.76668612572,2307.854057209574,0.0,NaN,4801,300,2,5109,Lac Lavon Lake,44.72061708,-93.24520003,3.2083333333333335,0.014833333333333332
27003501-01,2004,5619.347638559413,141352.68039680828,0.0,0.0,NaN,4000,632,0,4637,Sweeney Lake,44.99052075,-93.34160616,1.3642857142857145,0.05564285714285715
27004201-01,2004,4757.112224235319,116155.4669082383,0.0,0.0,NaN,8278,1102,0,9383,Twin Lake,45.05077632,-93.33618999,0.6900000000000001,0.15660000000000002
27005300-01,2004,3263.128073124606,114058.71632695945,0.0,0.0,NaN,8163,1340,0,9518,Cobblecrest Lake,44.95013,-93.39348337,0.36428571428571427,0.13907142857142857
27007000-01,2004,4357.354109072631,216319.8994722292,0.0,0.0,NaN,3579,398,0,3979,Mitchell Lake,44.85899641,-93.49817264,1.664285714285714,0.06414285714285715
27062700-01,2004,3874.6653555695407,113134.00479861548,0.0,0.0,NaN,11462,1240,0,12712,Northwood Lake,45.02556284,-93.39171496,0.9416666666666665,0.1418333333333333
27071100-01,2004,7442.508784459363,160405.11312669617,0.0,0.0,NaN,5810,1176,0,7001,Westwood Lake,44.97082571,-93.38765176,1.275,0.037500000000000006
70002600-01,2004,0.0,147348.13947044336,1175.4187192118227,0.19135160098522194,NaN,2926,322,3,0,Lower Prior Lake,44.73480944,-93.41536363,2.6833333333333336,0.023999999999999997
82002000-01,2004,2081.1819960861058,38181.40682757121,0.0,0.6345988258317017,NaN,4599,0,1,0,McKusick Lake,45.060821,-92.8257844,2.7760000000000007,0.03392857142857144
82003400-01,2004,718.6666666666666,0.0,0.0,26.445925925925934,NaN,27,0,6,0,East Boot Lake,45.16485991,-92.83095448,3.1025,0.03828571428571428
82005400-01,2004,1530.9977528089887,26066.74157303371,0.0,6.868179775280901,NaN,445,0,64,0,Bone Lake,45.28659868,-92.86026082,1.6654285714285717,0.05500000000000001
82007700-01,2004,1820.2616822429907,15076.635514018692,0.0,9.69710280373832,NaN,214,0,30,0,Goggins Lake,45.13303508,-92.89283249,1.1212142857142857,0.06778571428571427
82008700-01,2004,2845.5961918306075,31040.494429959705,29.149403492138738,2.164399936793849,NaN,12330,278,209,395,Regional Park Lake,44.80553214,-92.90248396,0.8599999999999999,0.05793333333333335
82008900-01,2004,4068.3511690647483,0.0,0.0,0.7629811151078989,NaN,2224,0,19,0,Markgraf Lake,44.94046314,-92.89723902,0.5185714285714286,0.1392857142857143
82009002-01,2004,4258.859452736318,186.51188501934772,0.0,0.464919845218355,NaN,7236,0,0,0,Wilmes Lake,44.92794439,-92.91260488,1.4083333333333332,0.08491666666666668
82009200-01,2004,4668.6274509803925,220.14260249554368,0.0,0.6873172905525842,NaN,1122,0,2,0,Powers Lake,44.92635622,-92.89985034,1.9921428571428577,0.036642857142857144
82009400-01,2004,3108.4031117397453,0.0,0.0,0.7736411396241647,NaN,9898,0,33,0,Colby Lake,44.91007106,-92.90834129,0.6399999999999999,0.2571
82009700-01,2004,2326.4441499432032,7449.017417644832,1.6546762589928057,1.374921431276026,NaN,10560,4,90,12,La Lake,44.88725237,-92.9713984,2.183333333333333,0.09100000000000001
82010100-01,2004,1998.5346534653465,44031.16171617162,0.0,2.6571287128712866,NaN,303,0,10,0,DeMontreville Lake,45.02166106,-92.93991097,2.7428571428571433,0.0205
82010300-01,2004,2641.728945900725,48504.82877858338,0.0,0.8797155605131038,NaN,1793,0,0,0,Olson Lake,45.01857051,-92.94542621,3.2214285714285715,0.018642857142857145
82010400-01,2004,2323.8944281524928,41194.715542522,0.0,2.392082111436948,NaN,682,0,16,0,Jane Lake,45.01606807,-92.92227254,5.006666666666666,0.010666666666666668
82011602-01,2004,4283.86372069489,34411.384213189405,0.0,0.8609478832855417,NaN,5929,0,6,0,Armstrong Lake,44.96252306,-92.93917709,0.9903571428571428,0.05928571428571429
82012200-01,2004,3852.674318507891,93027.84218077475,0.0,5.741535150645619,NaN,697,0,18,0,Pine Tree Lake,45.10231359,-92.95386928,2.2625,0.027375
82012300-01,2004,2194.376811594203,44464.7884057971,0.0,6.978434782608692,NaN,345,0,24,0,Bass Lake,45.16515848,-92.91774882,2.6125714285714285,0.030428571428571426
82013700-01,2004,1667.9112781954886,58590.563909774435,702.690977443609,2.980684210526314,100.0,1289,41,22,497,Fish Lake,45.12242547,-92.97796745,1.4152272727272726,0.0750909090909091
82015300-01,2004,2506.328476821192,29456.68344370861,0.0,6.819920529801333,NaN,755,0,40,0,Sunset Lake,45.13527125,-92.94157024,3.6400000000000006,0.021
82015900-01,2004,1640.9435345881202,27686.645807870937,0.0,0.7012344170129592,NaN,4091,0,8,0,Forest Lake,45.28220571,-92.96654615,2.297071428571429,0.03135714285714286
82033400-01,2004,1762.7597765363128,19429.050279329607,0.0,13.310111731843577,NaN,179,0,28,0,Kismet Lake,45.09536417,-92.8917326,2.5043571428571427,0.030857142857142868
82036800-01,2004,2455.492281303602,39335.91766723842,0.0,3.7155231560891995,NaN,583,0,18,0,Klawitter Pond,45.03272598,-92.90854993,0.7892857142857143,0.11449999999999998
02000500-01,2005,0.0,87928.62852897475,1523.305720653789,0.0,NaN,1815,877,0,0,George Watch Lake,45.17640481,-93.08905468,0.6816666666666668,0.21008333333333332
10000200-01,2005,1331.739025856885,195385.95399879734,1180.7266987372218,0.46200240529164266,34.21052631578947,2474,852,8,808,Riley Lake,44.83469027,-93.51695191,2.0500000000000003,0.05164285714285715
10001100-01,2005,3803.1677852348994,217749.33825503357,1873.9328859060402,0.32734228187919473,87.24832214765101,639,106,0,745,St. Joe Lake,44.8756457,-93.62296909,3.1025,0.01725
10001900-01,2005,2308.283485927433,207708.91183452017,1567.2309257375382,0.876622583926755,67.75178026449645,1767,1176,30,2919,Bavaria Lake,44.83812233,-93.63778927,1.4766666666666666,0.055055555555555566
10005200-01,2005,2052.8533950617284,154528.70061728396,1592.6280864197531,16.198657407407403,73.4567901234568,534,114,63,585,Reitz Lake,44.83862568,-93.74452179,2.2153846153846155,0.0993076923076923
10009500-01,2005,1467.880357142857,91722.575,1144.075,17.206089285714274,51.78571428571429,339,221,37,523,Swede Lake,44.930824,-93.8182476,0.9178571428571429,0.3141428571428571
10012100-01,2005,1375.8485576923076,93831.88701923077,1158.4423076923076,43.388774038461534,50.72115384615385,358,58,42,374,Eagle Lake,44.80860271,-93.93464391,1.6555,0.11740000000000002
19002100-01,2005,2619.1285198555956,120479.99296028882,2143.8148014440435,0.0,NaN,4883,569,0,5454,Alimagnet Lake,44.74812624,-93.24821298,0.5279999999999999,0.1234
19002200-01,2005,2576.5037613488976,143057.81543450066,2287.509338521401,0.0,NaN,7218,416,0,7634,Long Lake,44.7559202,-93.17320832,1.463409090909091,0.08209090909090908
19002300-01,2005,2927.142428074613,204696.770312994,2230.4819791337336,0.0,NaN,5377,796,0,6181,Farquar Lake,44.75863717,-93.1646402,0.7200000000000001,0.15960000000000002
19002400-01,2005,4385.084485981309,122300.8493457944,5093.688971962617,0.0,NaN,2171,475,0,2648,Wood Lake,44.74111827,-93.2658604,1.3967857142857143,0.05678571428571428
19002500-01,2005,2521.033082077052,125677.7269681742,2182.6968174204353,0.0,NaN,2203,171,0,2378,Keller Lake,44.72650508,-93.2520238,1.578571428571428,0.05642857142857143
19002601-01,2005,2724.3435464414956,140704.89344591877,2612.2648974668273,0.6100160836349013,NaN,8462,3771,283,10244,Marion Lake,44.65825741,-93.27557035,2.14,0.037333333333333336
19002700-01,2005,2717.36004217185,126271.46863468635,2152.011070110701,0.0,NaN,1664,191,0,1857,Crystal Lake,44.72296805,-93.27036573,1.4681818181818185,0.064
19002900-01,2005,3994.199381761978,143404.3601236476,2414.5564142194744,0.0,NaN,952,317,0,1269,Lee Lake,44.71229881,-93.28746428,1.4444444444444446,0.06711111111111111
19003100-01,2005,2039.2682737169519,167397.95917573874,1941.7321150855366,2.2903849144634516,NaN,1897,619,38,1813,Orchard Lake,44.7022537,-93.31089353,2.4078571428571434,0.03514285714285715
19003300-01,2005,7123.482972136223,182202.38058381248,4091.1472799646176,0.0,NaN,3755,717,0,4476,Earley Lake,44.73975323,-93.29337284,1.6285714285714286,0.06057142857142857
19034800-01,2005,2403.0247844827586,137988.2595635776,1607.7702047413793,0.0,NaN,6270,1091,21,7347,Valley Lake,44.71508954,-93.20902364,1.2999999999999998,0.04823076923076923
19044600-01,2005,2836.282460580105,172508.21199143468,2339.4378041658556,0.0,NaN,4805,302,8,5103,Lac Lavon Lake,44.72061708,-93.24520003,4.233333333333333,0.012333333333333335
27003501-01,2005,5923.755229674359,150789.21242182446,0.0,0.0,NaN,3966,671,0,4637,Sweeney Lake,44.99052075,-93.34160616,1.43,0.0489
27004201-01,2005,4754.168142537074,123302.73573028913,0.0,0.0,NaN,8215,1158,0,9373,Twin Lake,45.05077632,-93.33618999,1.4340540540540545,0.08237837837837837
27005300-01,2005,3427.0054547361797,123125.13521451798,0.0,0.0,NaN,8106,1427,0,9533,Cobblecrest Lake,44.95013,-93.39348337,0.29999999999999993,0.18442857142857141
27007000-01,2005,4716.421462679065,225720.0957527017,0.0,0.0,NaN,3564,415,0,3979,Mitchell Lake,44.85899641,-93.49817264,1.4084999999999999,0.07228571428571427
27062700-01,2005,3939.5494851033723,122366.92146843801,0.0,0.0,NaN,11394,1327,0,12721,Northwood Lake,45.02556284,-93.39171496,1.0461538461538462,0.12646153846153846
27071100-01,2005,7417.903912050257,169002.9980011422,0.0,0.0,NaN,5815,1189,0,7004,Westwood Lake,44.97082571,-93.38765176,1.4,0.1
70002600-01,2005,0.0,158488.56247118488,1191.1046565237436,0.3617196864914707,NaN,1961,208,4,0,Lower Prior Lake,44.73480944,-93.41536363,3.7416666666666667,0.021916666666666664
82002000-01,2005,2281.4417872876024,36566.423327040065,0.0,0.6078225298930146,NaN,4767,0,1,0,McKusick Lake,45.060821,-92.8257844,1.8396428571428576,0.05485714285714286
82003400-01,2005,737.7777777777778,0.0,0.0,26.445925925925938,NaN,27,0,6,0,East Boot Lake,45.16485991,-92.83095448,3.233071428571429,0.040357142857142855
82005400-01,2005,1749.2808988764045,25972.3595505618,0.0,6.8613033707865165,NaN,445,0,60,0,Bone Lake,45.28659868,-92.86026082,1.9159285714285712,0.05592857142857144
82007700-01,2005,1913.0697674418604,15006.511627906977,0.0,9.088744186046512,NaN,215,0,30,0,Goggins Lake,45.13303508,-92.89283249,1.2301428571428572,0.0824285714285714
82008700-01,2005,2840.0430730675857,30801.173466990367,31.158273944709844,2.1238068760278694,NaN,12447,279,206,400,Regional Park Lake,44.80553214,-92.90248396,1.785142857142857,0.050071428571428586
82008900-01,2005,3708.6165560327995,0.0,0.0,0.5927645450995576,NaN,2561,0,11,0,Markgraf Lake,44.94046314,-92.89723902,0.4814285714285714,0.13228571428571428
82009002-01,2005,4339.177209944752,186.40883977900552,0.0,0.4601809392265217,NaN,7240,0,0,0,Wilmes Lake,44.92794439,-92.91260488,0.9600000000000002,0.0875
82009200-01,2005,4592.358714043993,208.9678510998308,0.0,0.637165820642978,NaN,1182,0,0,0,Powers Lake,44.92635622,-92.89985034,1.6220714285714286,0.057214285714285724
82009400-01,2005,3140.3821869319813,0.0,0.0,0.6898344972735082,NaN,10453,0,33,0,Colby Lake,44.91007106,-92.90834129,0.8333333333333335,0.14133333333333334
82009700-01,2005,2703.3313086692433,7077.857905392969,1.7235413215534696,1.299988956377687,NaN,10862,4,90,12,La Lake,44.88725237,-92.9713984,1.7625,0.06183333333333333
82010100-01,2005,2305.6588628762543,44620.20735785953,0.0,2.688795986622073,NaN,299,0,10,0,DeMontreville Lake,45.02166106,-92.93991097,3.1352857142857147,0.028142857142857143
82010300-01,2005,2822.122265844083,48646.19068984857,0.0,0.8818115535614109,NaN,1783,0,0,0,Olson Lake,45.01857051,-92.94542621,2.8955714285714285,0.030571428571428572
82010400-01,2005,2537.6931982633864,40658.17076700434,0.0,2.3441678726483333,NaN,691,0,16,0,Jane Lake,45.01606807,-92.92227254,5.346153846153846,0.013923076923076925
82011602-01,2005,4401.863296191585,33930.66638948944,0.0,0.7984666555795737,NaN,6013,0,4,0,Armstrong Lake,44.96252306,-92.93917709,1.055785714285714,0.055785714285714286
82012200-01,2005,4220.43937232525,92497.01283880172,0.0,5.478131241084163,NaN,701,0,18,0,Pine Tree Lake,45.10231359,-92.95386928,2.272727272727273,0.024
82012300-01,2005,2559.9766763848397,44724.0583090379,0.0,6.970145772594745,NaN,343,0,24,0,Bass Lake,45.16515848,-92.91774882,1.3985294117647062,0.08867647058823531
82013700-01,2005,1781.5644820295984,57782.02959830867,662.2811839323467,2.767470049330515,100.0,1378,37,20,495,Fish Lake,45.12242547,-92.97796745,1.2307999999999997,0.06115
82015300-01,2005,2894.3099337748345,29456.68344370861,0.0,6.806754966887426,NaN,755,0,40,0,Sunset Lake,45.13527125,-92.94157024,3.720588235294118,0.015352941176470588
82015900-01,2005,1832.9469328140215,27346.657254138267,0.0,0.6945715676728378,NaN,4108,0,8,0,Forest Lake,45.28220571,-92.96654615,1.87595,0.03882500000000001
82033400-01,2005,2081.530726256983,19429.050279329607,0.0,13.310111731843582,NaN,179,0,32,0,Kismet Lake,45.09536417,-92.8917326,2.0682857142857145,0.033571428571428565
82036800-01,2005,2732.058319039451,39335.91766723842,0.0,3.7155231560891977,NaN,583,0,18,0,Klawitter Pond,45.03272598,-92.90854993,0.7346153846153848,0.15515384615384614
02000500-01,2006,2743.1867383512545,87935.26666666666,1518.4913978494624,0.0,NaN,1849,941,0,0,George Watch Lake,45.17640481,-93.08905468,0.7285714285714286,0.16428571428571428
10000200-01,2006,1456.0820066085912,212558.34755181737,1251.1111444878343,0.3858936617602883,36.84210526315789,2444,885,8,805,Riley Lake,44.83469027,-93.51695191,2.29,0.060399999999999995
10001100-01,2006,3943.8093959731546,248754.4953020134,1997.8630872483222,0.32736912751677855,87.24832214765101,657,88,0,745,St. Joe Lake,44.8756457,-93.62296909,2.6555555555555554,0.03888888888888889
10001900-01,2006,2709.3109017496636,245651.2658142665,1759.086473755047,0.8843640646029608,67.76581426648721,1968,990,32,2940,Bavaria Lake,44.83812233,-93.63778927,2.133125,0.0364375
10005200-01,2006,2024.2472594397077,141971.62728380025,1295.2423873325213,12.608745432399514,58.34348355663824,536,285,56,765,Reitz Lake,44.83862568,-93.74452179,1.7384615384615385,0.13507692307692307
10009500-01,2006,1934.4608695652173,108339.37043478261,1138.8139130434784,16.973965217391285,50.43478260869565,356,219,38,537,Swede Lake,44.930824,-93.8182476,0.5035714285714287,0.3077857142857142
10012100-01,2006,1475.3734939759036,100017.02409638555,1151.368674698795,42.9303373493976,50.602409638554214,359,56,42,373,Eagle Lake,44.80860271,-93.93464391,0.9214285714285715,0.19685714285714284
19002100-01,2006,3110.817214002165,126562.62324070733,2176.8016961385783,0.0,NaN,4819,638,0,5459,Alimagnet Lake,44.74812624,-93.24821298,0.525,0.15437499999999998
19002200-01,2006,3152.3438228438226,148235.119010619,2328.6667961667963,0.0,NaN,7202,456,0,7660,Long Lake,44.7559202,-93.17320832,1.4597457627118637,0.11147457627118643
19002300-01,2006,3399.669116544173,208829.65096745163,2261.020398980051,0.0,NaN,5559,1013,0,6578,Farquar Lake,44.75863717,-93.1646402,0.6923076923076923,0.14661538461538462
19002400-01,2006,4980.355140186916,128281.05906542056,5192.491588785047,0.0,NaN,2154,490,0,2648,Wood Lake,44.74111827,-93.2658604,1.3861538461538458,0.06853846153846155
19002500-01,2006,3025.215242881072,132078.79899497487,2201.6474036850923,0.0,NaN,2201,171,0,2378,Keller Lake,44.72650508,-93.2520238,1.244230769230769,0.08030769230769232
19002601-01,2006,3017.7725643272524,151909.8985899785,2803.2600971879233,0.6450736875647259,NaN,8659,3681,282,10347,Marion Lake,44.65825741,-93.27557035,2.016666666666667,0.04646666666666667
19002700-01,2006,3101.1908276225618,132857.16710595676,2158.2419609910385,0.0,NaN,1650,205,0,1857,Crystal Lake,44.72296805,-93.27036573,1.9269230769230767,0.04426923076923077
19002900-01,2006,4631.10844306739,148708.46630518977,2541.3400464756005,0.0,NaN,946,321,0,1267,Lee Lake,44.71229881,-93.28746428,1.85,0.0727857142857143
19003100-01,2006,2196.9693572496262,181615.79671150973,2020.9032137518684,2.240609118086695,NaN,1849,759,38,1907,Orchard Lake,44.7022537,-93.31089353,2.5,0.035384615384615396
19003300-01,2006,5947.762544014085,150063.43309859154,4257.743397887324,0.0,NaN,3750,726,0,4480,Earley Lake,44.73975323,-93.29337284,1.5333333333333332,0.04533333333333334
19034800-01,2006,2961.545538910248,149999.31061911705,1746.4815060320827,0.0,NaN,6479,1010,21,7474,Valley Lake,44.71508954,-93.20902364,1.0999999999999999,0.08814285714285715
19044600-01,2006,3288.4561369383387,177097.70881151527,2352.9811320754716,0.0,NaN,4761,351,8,5108,Lac Lavon Lake,44.72061708,-93.24520003,3.0749999999999993,0.022666666666666665
27003501-01,2006,6166.236892788359,165622.93280547828,0.0,0.0,NaN,3972,701,0,4673,Sweeney Lake,44.99052075,-93.34160616,1.03,0.0939
27004201-01,2006,4649.405549626467,138676.45624332977,0.0,0.0,NaN,8084,1286,0,9370,Twin Lake,45.05077632,-93.33618999,0.7058823529411765,0.15494117647058822
27005300-01,2006,3622.073529411765,137813.5796396023,0.0,0.0,NaN,8087,1569,0,9656,Cobblecrest Lake,44.95013,-93.39348337,0.4384615384615384,0.1383076923076923
27007000-01,2006,5025.466185977126,235077.1894579811,0.0,0.0,NaN,3505,517,0,4022,Mitchell Lake,44.85899641,-93.49817264,1.1285714285714286,0.10642857142857143
27062700-01,2006,4076.802943709387,132966.60095513976,0.0,0.0,NaN,11379,1394,0,12773,Northwood Lake,45.02556284,-93.39171496,1.06,0.1637
27071100-01,2006,7775.756582713223,192856.19018317116,0.0,0.0,NaN,5794,1194,0,6988,Westwood Lake,44.97082571,-93.38765176,1.3125,0.144625
70002600-01,2006,0.0,173396.67496542184,1202.1438450899032,0.3651498386353159,NaN,1928,241,4,0,Lower Prior Lake,44.73480944,-93.41536363,2.8000000000000003,0.04083333333333333
82002000-01,2006,2289.2590313616515,85813.43013100437,1089.1734815402938,0.5726478761413263,NaN,3587,1161,1,0,McKusick Lake,45.060821,-92.8257844,2.1752727272727275,0.07027272727272728
82003400-01,2006,776.1481481481482,0.0,663.7777777777778,26.445925925925934,NaN,11,15,6,0,East Boot Lake,45.16485991,-92.83095448,3.5966,0.0452
82005400-01,2006,1939.4582392776524,66610.83521444695,939.823927765237,6.889119638826186,NaN,333,94,54,0,Bone Lake,45.28659868,-92.86026082,1.9538461538461538,0.05215384615384617
82007700-01,2006,2163.7767441860465,57752.93023255814,1418.9906976744187,9.088744186046515,NaN,186,19,30,0,Goggins Lake,45.13303508,-92.89283249,0.956,0.102
82008700-01,2006,3061.8734700241675,99061.05332501754,1096.6941607546582,2.059006002962483,NaN,10240,2404,210,398,Regional Park Lake,44.80553214,-92.90248396,2.1843333333333335,0.09283333333333332
82008900-01,2006,4922.950055907566,163582.84308609765,1173.7089079388743,0.550566530003715,NaN,1696,867,9,0,Markgraf Lake,44.94046314,-92.89723902,0.4071428571428571,0.19142857142857142
82009002-01,2006,4389.680369706166,190293.64905504207,1710.7129259208166,0.4534473720513198,NaN,5987,1229,0,0,Wilmes Lake,44.92794439,-92.91260488,1.1833333333333333,0.08775
82009200-01,2006,4813.848585690515,306824.2071547421,1701.7504159733778,0.61679700499168,NaN,904,284,0,0,Powers Lake,44.92635622,-92.89985034,1.8053846153846158,0.06615384615384616
82009400-01,2006,3418.027453860986,199092.5567900101,1710.7934992195392,0.6615480672114592,NaN,8732,1749,31,0,Colby Lake,44.91007106,-92.90834129,0.6428571428571429,0.2541428571428571
82009700-01,2006,2718.4891023930254,131479.68241259674,1314.4352815585803,1.2151845921181332,NaN,8083,2951,82,12,La Lake,44.88725237,-92.9713984,1.4749999999999996,0.09633333333333334
82010100-01,2006,2488.7959866220735,76228.36789297659,1128.876254180602,2.6887959866220728,NaN,218,78,10,0,DeMontreville Lake,45.02166106,-92.93991097,3.657666666666667,0.03333333333333333
82010300-01,2006,2848.811903425042,123758.10780460415,1307.7692307692307,0.8821167883211651,NaN,1576,192,0,0,Olson Lake,45.01857051,-92.94542621,2.9260000000000006,0.046400000000000004
82010400-01,2006,2754.2141823444285,87418.37626628076,1534.2373371924746,2.3441678726483333,NaN,610,74,16,0,Jane Lake,45.01606807,-92.92227254,5.122222222222222,0.014
82011602-01,2006,4735.7593265104,142431.71063057115,1126.7061736546716,0.7333014196104268,NaN,4746,1190,4,0,Armstrong Lake,44.96252306,-92.93917709,1.044857142857143,0.089
82012200-01,2006,4593.652797704448,236811.28263988523,2171.173601147776,5.498063127690095,NaN,559,133,20,0,Pine Tree Lake,45.10231359,-92.95386928,2.388888888888889,0.03477777777777778
82012300-01,2006,2715.591836734694,108371.1137026239,1444.6822157434403,6.970145772594742,NaN,302,33,26,0,Bass Lake,45.09714182,-92.91784653,2.4520476190476197,0.05347619047619049
82013700-01,2006,3073.6279069767443,165322.9154334038,1627.479915433404,2.7674700493305138,100.0,1118,288,22,497,Fish Lake,45.12242547,-92.97796745,1.3849999999999998,0.061125
82015300-01,2006,3178.01321003963,110565.85072655218,1486.2430647291942,6.735852047556151,NaN,648,72,44,0,Sunset Lake,45.13527125,-92.94157024,3.3444444444444446,0.022111111111111113
82015900-01,2006,1972.7004383828544,75849.51534339991,918.9132976132489,0.6948928397467159,NaN,2629,1407,8,0,Forest Lake,45.28220571,-92.96654615,1.7333333333333338,0.03969230769230771
82033400-01,2006,2233.3519553072624,77221.22905027933,1251.217877094972,13.310111731843579,NaN,156,19,30,0,Kismet Lake,45.09536417,-92.8917326,1.8405384615384617,0.06776923076923078
82036800-01,2006,2802.579216354344,120467.32879045997,1558.4940374787052,3.2572913117546873,NaN,444,131,18,0,Klawitter Pond,45.03272598,-92.90854993,0.6,0.1035
02000500-01,2007,2796.6491228070176,100406.55859649123,1577.8066666666666,3.628873684210529,NaN,1873,977,0,0,George Watch Lake,45.17640481,-93.08905468,0.562857142857143,0.20371428571428574
10000200-01,2007,1564.611144397843,221929.1051527861,1252.7267825044937,0.38493109646495033,70.27027027027027,2455,844,8,808,Riley Lake,44.83469027,-93.51695191,1.8066666666666669,0.03166666666666667
10001100-01,2007,4108.04,260191.724,1976.7693333333334,0.26670666666666665,90.21164021164022,332,45,0,750,St. Joe Lake,44.8756457,-93.62296909,3.344444444444444,0.02255555555555555
10001900-01,2007,3307.493953488372,247624.42604651162,1673.111007751938,0.7033705426356588,70.72266831377394,1052,550,31,3194,Bavaria Lake,44.83812233,-93.63778927,2.15,0.0314
10005200-01,2007,1924.1746183206108,130077.643129771,1074.7786259541986,9.521440839694659,47.82608695652174,273,256,58,990,Reitz Lake,44.83862568,-93.74452179,1.807142857142857,0.05200000000000001
10009500-01,2007,2100.108910891089,112423.7095709571,1140.4224422442244,16.084471947194707,55.73248407643312,194,120,38,568,Swede Lake,44.930824,-93.8182476,0.35000000000000003,0.2837692307692307
10012100-01,2007,1692.6570743405275,104324.25659472423,1164.062350119904,43.0754676258993,50.0,195,31,40,377,Eagle Lake,44.80860271,-93.93464391,0.5333333333333335,0.21724999999999997
19002100-01,2007,3107.280635264393,135416.94441436563,2179.095650604584,0.0,NaN,4802,653,0,5457,Alimagnet Lake,44.74812624,-93.24821298,0.507,0.124
19002200-01,2007,3165.8745143745145,151929.3085988086,2326.315850815851,0.0,NaN,7168,486,0,7660,Long Lake,44.7559202,-93.17320832,1.7337656249999998,0.10267187499999998
19002300-01,2007,3550.466496394231,220165.42893629806,2330.4981971153848,0.0,NaN,5691,869,0,6568,Farquar Lake,44.75863717,-93.1646402,0.5115384615384615,0.17938461538461542
19002400-01,2007,5166.428785046729,137870.13271028036,5142.72261682243,0.0,NaN,2138,506,0,2648,Wood Lake,44.74111827,-93.2658604,1.8169230769230775,0.06076923076923076
19002500-01,2007,3040.9748953974895,135823.58075313809,2208.224267782427,0.0,NaN,2191,183,0,2380,Keller Lake,44.72650508,-93.2520238,1.6500000000000001,0.06366666666666666
19002601-01,2007,3357.0196203034393,160474.0685519104,2888.3835094129795,0.6510747477956946,NaN,8840,3540,285,10375,Marion Lake,44.65825741,-93.27557035,1.84,0.05160000000000001
19002700-01,2007,3250.0717678100264,137342.84432717678,2163.441160949868,0.0,NaN,1640,213,0,1857,Crystal Lake,44.72296805,-93.27036573,1.5636363636363635,0.04481818181818182
19002900-01,2007,5075.326103795507,152332.73741285826,2520.1394268009294,0.0,NaN,956,311,0,1267,Lee Lake,44.71229881,-93.28746428,1.7285714285714282,0.046928571428571424
19003100-01,2007,2491.3910761154857,193930.90363704538,2108.523059617548,2.2166066741657287,NaN,1874,729,40,1907,Orchard Lake,44.7022537,-93.31089353,1.6714285714285715,0.038571428571428576
19003300-01,2007,7746.241758241758,172155.69384615385,4159.913406593407,0.0,NaN,3732,770,0,4515,Earley Lake,44.73975323,-93.29337284,1.2875,0.04624999999999999
19034800-01,2007,3212.6055666003977,155643.73412856195,1818.2166998011928,0.0,NaN,6529,960,23,7475,Valley Lake,44.71508954,-93.20902364,1.4285714285714284,0.07571428571428572
19044600-01,2007,3360.3838678328475,180577.16326530612,2369.90592808552,0.0,NaN,4739,373,8,5112,Lac Lavon Lake,44.72061708,-93.24520003,3.315384615384615,0.023153846153846153
27003501-01,2007,6495.0951057918355,175678.95298140627,0.0,0.0,NaN,3959,720,0,4679,Sweeney Lake,44.99052075,-93.34160616,1.0785714285714287,0.04892857142857144
27004201-01,2007,4677.901175213675,145320.47222222222,0.0,0.0,NaN,7924,1436,0,9360,Twin Lake,45.05077632,-93.33618999,1.296875,0.09124999999999998
27005300-01,2007,3784.37911752745,142131.14213094753,0.0,0.0,NaN,8070,1766,0,9836,Cobblecrest Lake,44.95013,-93.39348337,0.3166666666666667,0.13816666666666666
27007000-01,2007,5305.805907172996,241116.82452221395,0.0,0.0,NaN,3492,537,0,4029,Mitchell Lake,44.85899641,-93.49817264,1.3846153846153844,0.05953846153846154
27062700-01,2007,4209.142355967881,137696.56817650268,0.0,0.0,NaN,11353,1474,0,12827,Northwood Lake,45.02556284,-93.39171496,1.0400000000000003,0.2419
27071100-01,2007,8382.879959891134,196136.18980088813,0.0,0.0,NaN,5723,1258,0,6981,Westwood Lake,44.97082571,-93.38765176,1.342857142857143,0.03528571428571429
70002600-01,2007,0.0,182700.8973768983,1209.5899677864704,0.36401748734468486,NaN,1940,233,4,0,Lower Prior Lake,44.73480944,-93.41536363,2.661538461538462,0.024692307692307694
82002000-01,2007,0.0,100205.94615533605,0.0,0.5392271934921569,NaN,0,0,0,0,McKusick Lake,45.060821,-92.8257844,2.1010000000000004,0.05828571428571429
82003400-01,2007,0.0,0.0,0.0,26.445925925925934,NaN,0,0,2,0,East Boot Lake,45.16485991,-92.83095448,3.200428571428571,0.045571428571428575
82005400-01,2007,0.0,75924.14578587699,0.0,6.865193621867884,NaN,0,0,44,0,Bone Lake,45.28659868,-92.86026082,1.35,0.032
82007700-01,2007,0.0,72561.14953271027,0.0,9.12906542056075,NaN,0,0,18,0,Goggins Lake,45.13303508,-92.89283249,0.9580714285714284,0.12385714285714286
82008700-01,2007,41.73467955714954,110984.37626695774,32.59410572275066,2.045643224699811,NaN,168,288,198,398,Regional Park Lake,44.80553214,-92.90248396,1.72,0.05914285714285714
82008900-01,2007,0.0,265020.4460007372,0.0,0.5230593438997301,NaN,0,0,7,0,Markgraf Lake,44.94046314,-92.89723902,0.39999999999999997,0.15699999999999997
82009002-01,2007,0.0,208405.79776828765,0.0,0.4516861826697911,NaN,0,0,0,0,Wilmes Lake,44.92794439,-92.91260488,1.263636363636364,0.08072727272727272
82009200-01,2007,0.0,346782.97502081597,0.0,0.6171357202331392,NaN,0,0,0,0,Powers Lake,44.92635622,-92.89985034,1.894214285714286,0.03264285714285715
82009400-01,2007,0.0,229514.631249441,0.0,0.639127090600123,NaN,0,0,29,0,Colby Lake,44.91007106,-92.90834129,0.6749999999999999,0.13742857142857143
82009700-01,2007,5.2121858069100275,163987.50262012612,1.6633804067856826,1.1985034194866264,NaN,10,4,74,12,La Lake,44.88725237,-92.9713984,1.2642857142857145,0.11592857142857145
82010100-01,2007,0.0,100451.01038062284,0.0,2.1335986159169553,NaN,0,0,10,0,DeMontreville Lake,45.02166106,-92.93991097,2.0142857142857142,0.02642857142857143
82010300-01,2007,0.0,135024.07973048848,0.0,0.8821167883211654,NaN,0,0,0,0,Olson Lake,45.01857051,-92.94542621,2.4636363636363634,0.02672727272727272
82010400-01,2007,0.0,101494.48185776488,0.0,2.347576197387517,NaN,0,0,16,0,Jane Lake,45.01606807,-92.92227254,4.823076923076924,0.014615384615384615
82011602-01,2007,0.0,178887.5374672775,0.0,0.7062810863874291,NaN,0,0,4,0,Armstrong Lake,44.96252306,-92.93917709,0.9144285714285715,0.07771428571428574
82012200-01,2007,0.0,270236.5595408895,0.0,5.498063127690095,NaN,0,0,20,0,Pine Tree Lake,45.10231359,-92.95386928,2.8,0.021555555555555564
82012300-01,2007,0.0,127685.02623906705,0.0,6.970145772594746,NaN,0,0,26,0,Bass Lake,45.09714182,-92.91784653,1.974857142857143,0.042257142857142854
82013700-01,2007,1104.6229739252994,191792.65891472867,691.3974630021141,2.729231853417901,100.0,458,37,18,497,Fish Lake,45.12242547,-92.97796745,1.2748000000000004,0.06555
82015300-01,2007,0.0,117431.47556142669,0.0,6.735852047556148,NaN,0,0,26,0,Sunset Lake,45.13527125,-92.94157024,2.97,0.022
82015900-01,2007,0.0,91064.93253774963,0.0,0.6816439357038521,NaN,0,0,6,0,Forest Lake,45.28220571,-92.96654615,1.3142857142857143,0.033499999999999995
82033400-01,2007,0.0,94812.7374301676,0.0,13.310111731843577,NaN,0,0,30,0,Kismet Lake,45.09536417,-92.8917326,1.5943076923076922,0.039538461538461536
82036800-01,2007,0.0,130764.55932203389,0.0,3.2305932203389847,NaN,0,0,16,0,Klawitter Pond,45.03272598,-92.90854993,0.49166666666666664,0.09808333333333334
02000500-01,2008,3005.2009996429847,103921.3980721171,1602.3209568011425,3.5713209568011437,NaN,1884,917,0,0,George Watch Lake,45.17640481,-93.08905468,0.5499999999999999,0.14883333333333335
10000200-01,2008,1669.6485594237695,223103.3826530612,1329.5402160864346,0.3881932773109247,72.97297297297297,2434,859,8,808,Riley Lake,44.83469027,-93.51695191,1.8416666666666668,0.03525000000000001
10001100-01,2008,4362.206896551724,261086.47347480105,1973.8368700265253,0.26529177718832886,89.73684210526316,336,44,0,754,St. Joe Lake,44.8756457,-93.62296909,2.78125,0.019
10001900-01,2008,3651.136746987952,242773.60060240963,1710.1551204819277,0.6621114457831321,71.00840336134453,1107,559,29,3291,Bavaria Lake,44.83812233,-93.63778927,1.6786666666666668,0.034933333333333344
10005200-01,2008,2468.199814126394,138428.15055762083,1357.4684014869888,9.184842007434941,47.794117647058826,280,264,58,1018,Reitz Lake,44.83862568,-93.74452179,2.2,0.055833333333333346
10009500-01,2008,2565.3486842105262,110112.84210526316,1245.25,16.006430921052623,55.55555555555556,197,118,38,570,Swede Lake,44.930824,-93.8182476,0.4233333333333333,0.30273333333333335
10012100-01,2008,1934.439429928741,103568.11163895487,1147.4679334916864,42.67641330166273,50.0,193,35,40,381,Eagle Lake,44.80860271,-93.93464391,0.5346153846153846,0.19323076923076923
19002100-01,2008,3208.209814180047,137395.73858921163,2178.7878405195743,0.0,NaN,4795,644,0,5457,Alimagnet Lake,44.74812624,-93.24821298,0.605,0.10616666666666667
19002200-01,2008,3239.77446918695,154096.71789228378,2340.247540134645,0.0,NaN,7153,496,0,7663,Long Lake,44.7559202,-93.17320832,1.8207424242424246,0.08230303030303031
19002300-01,2008,3692.695737015911,227018.75457820474,2393.0228159711796,0.0,NaN,5794,770,0,6576,Farquar Lake,44.75863717,-93.1646402,0.7307692307692306,0.121
19002400-01,2008,5331.636226982338,139111.2829763247,5218.7639984968055,0.0,NaN,2118,512,0,2636,Wood Lake,44.74111827,-93.2658604,1.8458333333333332,0.05766666666666669
19002500-01,2008,3075.51589958159,138224.66108786612,2222.1882845188284,0.0,NaN,2189,183,0,2380,Keller Lake,44.72650508,-93.2520238,1.9833333333333332,0.034499999999999996
19002601-01,2008,3700.7953554727746,165698.56408020924,2962.907267971784,0.6505128001902192,NaN,8888,3525,274,10428,Marion Lake,44.65825741,-93.27557035,2.0366666666666666,0.04033333333333334
19002700-01,2008,3405.537447257384,141623.56012658228,2161.5353375527425,0.0,NaN,1640,214,0,1858,Crystal Lake,44.72296805,-93.27036573,1.9239130434782612,0.03760869565217393
19002900-01,2008,5345.514352211017,160964.42048099302,2557.8060512024826,0.0,NaN,946,315,0,1265,Lee Lake,44.71229881,-93.28746428,1.5166666666666666,0.04516666666666667
19003100-01,2008,2839.3963963963965,200501.25300300302,2161.3558558558557,2.2896208708708707,NaN,1885,722,34,1916,Orchard Lake,44.7022537,-93.31089353,2.95,0.02407142857142857
19003300-01,2008,8466.269306930693,174406.6587458746,4142.870407040704,0.0,NaN,3714,778,0,4515,Earley Lake,44.73975323,-93.29337284,1.9333333333333336,0.03366666666666667
19034800-01,2008,3386.9235146222045,156429.4908032288,1908.9936482731243,0.0,NaN,6500,982,23,7487,Valley Lake,44.71508954,-93.20902364,1.2923076923076922,0.05984615384615384
19044600-01,2008,3460.957426127527,182882.49008553656,2376.798600311042,0.0,NaN,4717,386,8,5111,Lac Lavon Lake,44.72061708,-93.24520003,3.125,0.032333333333333346
27003501-01,2008,6759.57672980286,173411.30537301893,0.0,0.0,NaN,4361,813,0,5174,Sweeney Lake,44.99052075,-93.34160616,1.4166666666666667,0.041166666666666664
27004201-01,2008,7011.874599068805,192675.02617692706,0.0,0.0,NaN,7859,1806,0,9665,Twin Lake,45.05077632,-93.33618999,2.0594193548387096,0.06567741935483873
27005300-01,2008,4197.819246387761,155322.12767966758,0.0,0.0,NaN,8514,2075,0,10589,Cobblecrest Lake,44.95013,-93.39348337,0.2769230769230769,0.1602307692307692
27007000-01,2008,6094.182877633349,237980.77095472883,0.0,0.0,NaN,3930,532,0,4462,Mitchell Lake,44.85899641,-93.49817264,1.6285714285714283,0.04864285714285715
27062700-01,2008,6105.973830528579,155973.70071910447,0.0,0.0,NaN,11639,1850,0,13489,Northwood Lake,45.02556284,-93.39171496,1.088888888888889,0.15722222222222224
27071100-01,2008,12153.977882523568,315829.8663282572,0.0,0.0,NaN,6382,1892,0,8274,Westwood Lake,44.97082571,-93.38765176,1.192857142857143,0.029857142857142856
70002600-01,2008,0.0,186092.88684452622,1204.9277828886845,0.3638500459981602,NaN,1915,259,4,0,Lower Prior Lake,44.73480944,-93.41536363,2.7571428571428567,0.022000000000000002
82002000-01,2008,246508.58028278133,102598.81871005229,0.0,0.5377764865388334,NaN,0,0,0,0,McKusick Lake,45.060821,-92.8257844,1.9460769230769233,0.05700000000000001
82003400-01,2008,332274.0740740741,0.0,0.0,26.445925925925934,NaN,0,0,2,0,East Boot Lake,45.16485991,-92.83095448,3.4834285714285715,0.03685714285714286
82005400-01,2008,239195.44419134397,67094.49430523918,0.0,6.668929384965831,NaN,0,0,46,0,Bone Lake,45.28659868,-92.86026082,1.7062500000000003,0.041687500000000016
82007700-01,2008,354914.4859813084,72136.85046728973,0.0,9.12906542056075,NaN,0,0,18,0,Goggins Lake,45.13303508,-92.89283249,1.0776428571428573,0.0722142857142857
82008700-01,2008,269102.08119258913,112036.83403394053,32.51159894130468,2.037108827650619,NaN,166,290,162,402,Regional Park Lake,44.80553214,-92.90248396,2.199142857142857,0.07614285714285715
82008900-01,2008,410720.1038575668,201052.1784124629,0.0,0.5263575667655667,NaN,0,0,7,0,Markgraf Lake,44.94046314,-92.89723902,0.3907142857142857,0.15978571428571428
82009002-01,2008,354536.23088579695,93180.24521283923,0.0,0.44860586857694085,NaN,0,0,0,0,Wilmes Lake,44.92794439,-92.91260488,1.1090909090909091,0.07872727272727272
82009200-01,2008,437601.4987510408,257753.87676935887,0.0,0.6171357202331389,NaN,0,0,0,0,Powers Lake,44.92635622,-92.89985034,2.3840000000000003,0.028214285714285723
82009400-01,2008,344381.9896778786,152756.40977042177,0.0,0.6048095746574118,NaN,0,0,18,0,Colby Lake,44.91007106,-92.90834129,0.3577777777777778,0.15922222222222226
82009700-01,2008,277156.0177147919,135652.27015057573,1.7140832595217006,1.1866271036315241,NaN,10,4,46,12,La Lake,44.88725237,-92.9713984,1.7545454545454546,0.11863636363636364
82010100-01,2008,372580.9688581315,98583.88235294117,0.0,2.133598615916953,NaN,0,0,4,0,DeMontreville Lake,45.02166106,-92.93991097,3.7864999999999998,0.01895454545454546
82010300-01,2008,289261.5946097698,125576.90230207749,0.0,0.8821167883211654,NaN,0,0,0,0,Olson Lake,45.01857051,-92.94542621,3.2789545454545457,0.019000000000000006
82010400-01,2008,355109.72423802613,99769.79100145138,0.0,2.3475761973875167,NaN,0,0,14,0,Jane Lake,45.01606807,-92.92227254,4.706263157894736,0.018947368421052633
82011602-01,2008,366458.02812295617,166315.870176586,0.0,0.7056720078482617,NaN,0,0,4,0,Armstrong Lake,44.96252306,-92.93917709,1.1428571428571428,0.05471428571428571
82012200-01,2008,563506.0258249642,267362.2094691535,0.0,5.498063127690092,NaN,0,0,16,0,Pine Tree Lake,45.10231359,-92.95386928,2.3285714285714287,0.029999999999999995
82012300-01,2008,399957.72594752186,123733.79591836735,0.0,6.970145772594738,NaN,0,0,16,0,Bass Lake,45.09714182,-92.91784653,2.0572142857142857,0.04421428571428572
82013700-01,2008,234312.09752650178,185649.82120141343,694.9943462897527,2.7358303886925825,100.0,454,39,10,493,Fish Lake,45.12242547,-92.97796745,1.5027222222222225,0.05850000000000001
82015300-01,2008,363685.46895640687,116145.30515191545,0.0,6.734557463672396,NaN,0,0,24,0,Sunset Lake,45.13527125,-92.94157024,3.244444444444445,0.022000000000000002
82015900-01,2008,250933.80522333414,79004.71637783744,0.0,0.6824383695386903,NaN,0,0,2,0,Forest Lake,45.28220571,-92.96654615,1.7153846153846155,0.035846153846153854
82033400-01,2008,372545.25139664806,72880.4469273743,0.0,13.310111731843573,NaN,0,0,20,0,Kismet Lake,45.09536417,-92.8917326,1.5349285714285716,0.06328571428571429
82036800-01,2008,408375.593220339,127029.56949152543,0.0,3.230593220338985,NaN,0,0,12,0,Klawitter Pond,45.03272598,-92.90854993,0.5969230769230769,0.09246153846153846
02000500-01,2009,3028.089241622575,105902.1389770723,1601.0910052910053,3.5052804232804244,68.85361552028219,1888,947,0,0,George Watch Lake,45.17640481,-93.08905468,0.5379999999999999,0.10559999999999999
10000200-01,2009,1760.0326934613076,224016.6343731254,1315.2915416916617,0.38531493701259784,93.02325581395348,2431,864,8,808,Riley Lake,44.83469027,-93.51695191,1.9357142857142855,0.04707142857142858
10001100-01,2009,4269.515957446809,264989.31515957444,1977.4960106382978,0.2659973404255319,89.70976253298153,333,46,0,752,St. Joe Lake,44.8756457,-93.62296909,3.3,0.03799999999999999
10001900-01,2009,3881.682391826923,250490.90564903847,1732.5303485576924,0.6623106971153844,72.21556886227545,1109,558,29,3299,Bavaria Lake,44.83812233,-93.63778927,2.15,0.04085714285714286
10005200-01,2009,3032.946976744186,140613.06604651164,1362.8781395348838,9.011367441860466,47.794117647058826,274,268,52,1023,Reitz Lake,44.83862568,-93.74452179,1.8249999999999995,0.06041666666666667
10009500-01,2009,2731.1085526315787,111797.7927631579,1281.592105263158,16.006430921052623,55.55555555555556,198,117,38,570,Swede Lake,44.930824,-93.8182476,0.4107142857142857,0.38792857142857146
10012100-01,2009,1975.3436018957345,105853.02132701421,1132.398104265403,42.66172985781993,49.78165938864629,192,37,40,382,Eagle Lake,44.80860271,-93.93464391,1.189473684210526,0.14300000000000002
19002100-01,2009,3208.1482951470325,138932.69619339707,2181.0819051055387,0.0,NaN,4776,665,0,5457,Alimagnet Lake,44.74812624,-93.24821298,0.705,0.09719999999999998
19002200-01,2009,3216.862747636929,156799.68185938106,2343.288618412534,0.0,NaN,7153,493,0,7660,Long Lake,44.7559202,-93.17320832,2.225479452054794,0.07163013698630136
19002300-01,2009,3636.453353204173,230139.3344262295,2429.8727272727274,0.0,NaN,5883,726,0,6623,Farquar Lake,44.75863717,-93.1646402,0.5178571428571429,0.21221428571428574
19002400-01,2009,5409.757985719654,140757.03645246147,5166.8744832769635,0.0,NaN,2147,487,0,2636,Wood Lake,44.74111827,-93.2658604,1.8644444444444441,0.03755555555555555
19002500-01,2009,3057.019246861925,140418.97071129706,2228.8150627615064,0.0,NaN,2181,189,0,2380,Keller Lake,44.72650508,-93.2520238,0.7522222222222222,0.09788888888888889
19002601-01,2009,3925.841389130607,166691.3385808085,3056.413337552409,0.6354149197057193,NaN,8970,3448,271,10447,Marion Lake,44.65825741,-93.27557035,1.8966666666666667,0.047866666666666675
19002700-01,2009,3406.7120972002112,143193.7443211833,2168.0522979397783,0.0,NaN,1631,216,0,1855,Crystal Lake,44.72296805,-93.27036573,2.2733333333333334,0.03053333333333334
19002900-01,2009,5418.95894655306,165625.57242447714,2709.446940356313,0.0,NaN,948,313,0,1265,Lee Lake,44.71229881,-93.28746428,3.476923076923077,0.023153846153846157
19003100-01,2009,2910.3843550206843,201084.12786761942,2196.810078977059,2.1383490033847306,NaN,1899,704,30,1912,Orchard Lake,44.7022537,-93.31089353,3.6799999999999997,0.017400000000000002
19003300-01,2009,8649.712903934931,179630.28511760826,4395.313255660585,0.0,NaN,3711,776,0,4516,Earley Lake,44.73975323,-93.29337284,2.0555555555555554,0.04022222222222222
19034800-01,2009,3461.421484323323,157112.76663579838,1878.3763725360498,0.0,NaN,6516,971,23,7487,Valley Lake,44.71508954,-93.20902364,2.2857142857142856,0.05414285714285716
19044600-01,2009,3413.5720676911105,184506.20638008168,2427.3160863645207,0.0,NaN,4723,374,8,5109,Lac Lavon Lake,44.72061708,-93.24520003,3.45,0.014571428571428572
27003501-01,2009,6932.859988283539,176969.78636984964,1263.4422964264793,0.0,100.0,4324,797,0,5121,Sweeney Lake,44.99052075,-93.34160616,1.2999999999999998,0.057000000000000016
27004201-01,2009,4989.464861995753,145383.1721868365,1002.0076433121019,0.0,100.0,7776,1644,0,9420,Twin Lake,45.05077632,-93.33618999,2.12759375,0.07425
27005300-01,2009,3922.4560122935077,145845.0801959278,1027.8961774875145,0.0,100.0,8476,1936,0,10412,Cobblecrest Lake,44.95013,-93.39348337,0.285,0.1738
27007000-01,2009,5176.9601261545395,240287.65893219193,437.24442441991437,0.0,100.0,3916,523,0,4439,Mitchell Lake,44.85899641,-93.49817264,1.6428571428571428,0.05185714285714286
27062700-01,2009,4503.799120012138,141619.66621150053,1156.1508875739646,0.0,100.0,11571,1611,0,13182,Northwood Lake,45.02556284,-93.39171496,1.0499999999999998,0.19760000000000003
27071100-01,2009,8273.989255467071,187786.72911136394,993.549740867147,0.0,100.0,6331,1580,0,7911,Westwood Lake,44.97082571,-93.38765176,1.0333333333333334,0.0405
70002600-01,2009,0.0,179098.83870967742,1211.7847926267282,0.3645207373271889,NaN,1949,221,4,0,Lower Prior Lake,44.73480944,-93.41536363,3.1866666666666665,0.025666666666666664
82002000-01,2009,234420.15098722416,107700.13879210221,1125.1209833526907,0.5360898180410392,NaN,0,0,0,0,McKusick Lake,45.060821,-92.8257844,2.6234285714285717,0.05621428571428571
82003400-01,2009,320370.3703703704,0.0,643.4814814814815,26.445925925925934,NaN,0,0,2,0,East Boot Lake,45.16485991,-92.83095448,2.6128571428571434,0.023999999999999997
82005400-01,2009,235098.1776765376,70547.85876993166,962.5922551252847,6.668929384965833,NaN,0,0,42,0,Bone Lake,45.28659868,-92.86026082,1.8083333333333333,0.039416666666666676
82007700-01,2009,309376.6355140187,74411.68224299066,1435.752336448598,9.12906542056075,NaN,0,0,18,0,Goggins Lake,45.13303508,-92.89283249,1.0885714285714287,0.09328571428571429
82008700-01,2009,257803.79867549668,113414.69185820024,1121.1291780288275,2.0386497857420998,NaN,164,294,164,402,Regional Park Lake,44.80553214,-92.90248396,2.460285714285714,0.05228571428571428
82008900-01,2009,403840.1706231454,206690.19102373888,1399.478115727003,0.5263575667655668,NaN,0,0,7,0,Markgraf Lake,44.94046314,-92.89723902,0.35230769230769227,0.2367692307692308
82009002-01,2009,337745.85399449035,96524.39077134986,1652.0986225895317,0.44854407713498873,NaN,0,0,0,0,Wilmes Lake,44.92794439,-92.91260488,1.4272727272727275,0.0720909090909091
82009200-01,2009,419802.0815986678,261852.2830974188,1726.6353039134056,0.6171357202331388,NaN,0,0,0,0,Powers Lake,44.92635622,-92.89985034,2.5037142857142856,0.03542857142857143
82009400-01,2009,330720.6740174284,158748.28445669572,1817.5672239018318,0.6043793348746217,NaN,0,0,18,0,Colby Lake,44.91007106,-92.90834129,0.5333333333333333,0.12533333333333332
82009700-01,2009,264610.53910886706,141605.12649481796,1471.9704136770308,1.1866905837540893,100.0,0,0,36,12,La Lake,44.88725237,-92.9713984,0.9624999999999999,0.133875
82010100-01,2009,373848.78892733564,100556.20069204153,1184.6020761245675,2.1335986159169544,NaN,0,0,4,0,DeMontreville Lake,45.02166106,-92.93991097,3.038461538461538,0.022000000000000002
82010300-01,2009,276785.0084222347,126143.08478382931,1327.7153284671533,0.8821167883211655,NaN,0,0,0,0,Olson Lake,45.01857051,-92.94542621,3.228571428571428,0.01871428571428571
82010400-01,2009,345682.43831640057,101028.4557329463,1548.9433962264152,2.3475761973875153,NaN,0,0,12,0,Jane Lake,45.01606807,-92.92227254,4.518181818181817,0.013636363636363636
82011602-01,2009,352693.53941772983,169016.12266928362,1151.1987242394505,0.7056247955511885,NaN,0,0,4,0,Armstrong Lake,44.96252306,-92.93917709,1.114285714285714,0.05892857142857144
82012200-01,2009,528062.9842180775,272010.2381635581,2261.5925394548062,5.498063127690095,NaN,0,0,14,0,Pine Tree Lake,45.10231359,-92.95386928,3.233333333333333,0.019166666666666665
82012300-01,2009,374644.60641399416,123430.5889212828,1611.9825072886297,6.970145772594748,NaN,0,0,10,0,Bass Lake,45.09714182,-92.91784653,1.7765384615384616,0.04938461538461539
82013700-01,2009,220487.4135021097,189131.83263009845,1709.1744022503517,2.715119549929676,98.33333333333333,0,0,10,493,Fish Lake,45.12242547,-92.97796745,1.5309473684210524,0.051631578947368424
82015300-01,2009,333966.6666666667,117212.7417654809,1500.1054018445323,6.677760210803697,NaN,0,0,22,0,Sunset Lake,45.13527125,-92.94157024,2.985714285714286,0.016142857142857143
82015900-01,2009,239142.48046875,80976.65991210938,907.9443359375,0.6826928710937531,NaN,0,0,0,0,Forest Lake,45.28220571,-92.96654615,1.9571428571428575,0.02392857142857143
82033400-01,2009,385701.11731843575,77941.89944134078,1245.072625698324,13.310111731843573,NaN,0,0,0,0,Kismet Lake,45.09536417,-92.8917326,1.034142857142857,0.03128571428571429
82036800-01,2009,385136.9491525424,128619.4813559322,1551.8305084745762,3.230593220338985,NaN,0,0,12,0,Klawitter Pond,45.03272598,-92.90854993,0.6192857142857141,0.1504285714285714
02000500-01,2010,3067.3992234380516,107842.3395693611,1625.2506177197317,0.0,69.18460995411225,1914,919,0,0,George Watch Lake,45.17640481,-93.08905468,0.4933333333333334,0.173
10000200-01,2010,1788.811224489796,225661.05072028813,1482.2749099639857,0.39304321728691516,93.89312977099237,2378,876,8,810,Riley Lake,44.83469027,-93.51695191,1.669230769230769,0.03769230769230769
10001100-01,2010,4297.494007989348,266323.2569906791,1988.600532623169,0.29794940079893484,89.68253968253968,0,0,0,751,St. Joe Lake,44.8756457,-93.62296909,2.15,0.022285714285714287
10001900-01,2010,4014.098321342926,252913.087529976,1715.4172661870505,0.6788489208633091,73.07462686567165,0,0,9,3323,Bavaria Lake,44.83812233,-93.63778927,1.5066666666666668,0.03586666666666668
10005200-01,2010,4602.086956521739,140277.8152173913,1343.9782608695652,8.658704710144928,47.227191413237925,0,0,21,1083,Reitz Lake,44.83862568,-93.74452179,2.0636363636363635,0.0640909090909091
10009500-01,2010,2988.462295081967,112773.15081967213,1227.5573770491803,15.856672131147526,55.55555555555556,0,0,11,599,Swede Lake,44.930824,-93.8182476,0.4821428571428571,0.4566428571428572
10012100-01,2010,2182.7858823529414,105678.76470588235,1154.550588235294,41.60016470588238,50.8695652173913,0,0,10,415,Eagle Lake,44.80860271,-93.93464391,0.6071428571428571,0.11492857142857145
19002100-01,2010,3227.4059173732635,140266.11906909617,2121.3727223525166,0.0,NaN,4770,662,0,5457,Alimagnet Lake,44.74812624,-93.24821298,0.9807692307692307,0.07646153846153846
19002200-01,2010,3255.4910644910647,158413.84265734267,2301.314944314944,0.0,NaN,7139,507,0,7660,Long Lake,44.7559202,-93.17320832,1.8045762711864406,0.07630508474576272
19002300-01,2010,3561.5344320188347,231550.11653914067,2452.6115361977636,0.0,NaN,5948,727,0,6703,Farquar Lake,44.75863717,-93.1646402,0.5885714285714284,0.10250000000000001
19002400-01,2010,5563.027190332326,144455.31495468278,2392.6801359516617,0.0,NaN,2131,491,0,2624,Wood Lake,44.74111827,-93.2658604,2.293846153846154,0.03992307692307692
19002500-01,2010,3040.368090452261,141865.92629815746,2233.4254606365157,0.0,NaN,2171,197,0,2378,Keller Lake,44.72650508,-93.2520238,0.7285714285714285,0.06892857142857142
19002601-01,2010,4177.405682715075,171437.6223362273,3009.6295185477506,0.6548887134964484,NaN,9040,3407,288,10446,Marion Lake,44.65825741,-93.27557035,1.5566666666666669,0.038533333333333336
19002700-01,2010,3306.4807184363444,144995.9683042789,2190.3681986265187,0.0,NaN,1641,212,0,1855,Crystal Lake,44.72296805,-93.27036573,1.2869565217391306,0.053521739130434794
19002900-01,2010,5801.045701006971,166569.53214562355,2672.3470178156467,0.0,NaN,938,323,0,1265,Lee Lake,44.71229881,-93.28746428,3.0416666666666665,0.027750000000000007
19003100-01,2010,2936.2996240601506,209957.2015037594,2187.9917293233084,2.293063909774435,NaN,1894,712,36,1913,Orchard Lake,44.7022537,-93.31089353,2.957142857142857,0.025142857142857144
19003300-01,2010,8477.111772486773,180364.6263227513,3274.4918430335097,0.0,NaN,3685,790,0,4501,Earley Lake,44.73975323,-93.29337284,1.6363636363636365,0.03818181818181818
19034800-01,2010,3437.910376734964,156409.21295439525,1889.4216787838732,0.0,NaN,6508,986,23,7491,Valley Lake,44.71508954,-93.20902364,1.5714285714285712,0.07057142857142859
19044600-01,2010,3405.110073901206,185276.13088292492,2454.796188253598,0.0,NaN,4727,372,2,5115,Lac Lavon Lake,44.72061708,-93.24520003,3.5076923076923086,0.01453846153846154
27003501-01,2010,6917.3978116451735,181351.4376709652,1263.7698319656115,0.0,100.0,4259,859,0,5118,Sweeney Lake,44.99052075,-93.34160616,1.2681818181818179,0.05395454545454545
27004201-01,2010,4851.818355437666,145714.15151193633,1001.6522015915119,0.0,100.0,7737,1688,0,9425,Twin Lake,45.05077632,-93.33618999,1.4131343283582094,0.07304477611940298
27005300-01,2010,3990.6844431632553,147922.52589603153,1026.2354184683386,0.0,100.0,8523,1884,0,10407,Cobblecrest Lake,44.95013,-93.39348337,0.2888888888888889,0.1291111111111111
27007000-01,2010,5215.514079747691,241759.0957422843,437.24442441991437,0.0,100.0,3906,533,0,4439,Mitchell Lake,44.85899641,-93.49817264,1.7461538461538466,0.044538461538461534
27062700-01,2010,4443.995904126214,142967.9447815534,1155.975500606796,0.0,100.0,11537,1647,0,13184,Northwood Lake,45.02556284,-93.39171496,0.9800000000000001,0.13689999999999997
27071100-01,2010,8223.662748072304,190000.9432435849,993.549740867147,0.0,100.0,6313,1598,0,7911,Westwood Lake,44.97082571,-93.38765176,1.327777777777778,0.022666666666666665
70002600-01,2010,0.0,193313.65593376264,1211.0832566697331,0.36385004599815995,NaN,1915,259,4,0,Lower Prior Lake,44.73480944,-93.41536363,2.7357142857142853,0.024999999999999998
82002000-01,2010,0.0,146062.3575949367,1116.6596343178621,0.548611111111115,100.0,3974,1714,2,5686,McKusick Lake,45.060821,-92.8257844,2.3507142857142855,0.031142857142857146
82003400-01,2010,0.0,0.0,668.2307692307693,30.05615384615386,100.0,12,14,2,24,East Boot Lake,45.16485991,-92.83095448,3.504285714285714,0.032857142857142856
82005400-01,2010,0.0,95181.44131455399,1013.586854460094,7.529014084507052,100.0,308,118,54,372,Bone Lake,45.28659868,-92.86026082,1.633333333333333,0.03291666666666668
82007700-01,2010,0.0,101177.72277227722,1483.6435643564357,10.412178217821788,100.0,184,18,24,178,Goggins Lake,45.13303508,-92.89283249,0.8050000000000004,0.12835714285714286
82008700-01,2010,48.277303091502255,200860.24359173529,1147.9911449432966,2.232623893117919,100.0,10312,2531,196,12647,Regional Park Lake,44.80553214,-92.90248396,1.9457142857142855,0.06542857142857143
82008900-01,2010,0.0,357353.03012820514,1407.3108974358975,0.6819230769230664,100.0,2342,778,2,3118,Markgraf Lake,44.94046314,-92.89723902,0.28357142857142853,0.2057142857142857
82009002-01,2010,0.0,214363.4530954312,1644.3346850500136,0.44937821032711645,100.0,6036,1362,0,7398,Wilmes Lake,44.92794439,-92.91260488,1.581818181818182,0.089
82009200-01,2010,0.0,351491.6688102894,1715.0434083601285,0.6273311897106104,100.0,932,312,0,1244,Powers Lake,44.92635622,-92.89985034,2.46,0.048785714285714286
82009400-01,2010,0.0,247392.5164495114,1848.492345276873,0.5967671009771988,100.0,10358,1922,22,12258,Colby Lake,44.91007106,-92.90834129,0.99,0.08411111111111111
82009700-01,2010,5.435915369819899,187615.31841230983,1529.2079034796293,1.356255464242023,100.0,8717,2721,50,11386,La Lake,44.88725237,-92.9713984,0.6166666666666667,0.12016666666666666
82010100-01,2010,0.0,103916.8865248227,1218.0354609929077,2.825957446808509,100.0,204,78,8,274,DeMontreville Lake,45.02166106,-92.93991097,2.9,0.035800000000000005
82010300-01,2010,0.0,143595.13238512035,1336.3643326039387,0.8694857768052492,100.0,1632,196,0,1828,Olson Lake,45.01857051,-92.94542621,2.330769230769231,0.026076923076923084
82010400-01,2010,0.0,115289.38348082596,1577.6991150442477,2.4791445427728624,100.0,592,86,14,664,Jane Lake,45.01606807,-92.92227254,4.533333333333334,0.014888888888888889
82011602-01,2010,0.0,207558.31491041603,1157.178864257516,0.8406923777710299,100.0,5138,1448,0,6586,Armstrong Lake,44.96252306,-92.93917709,0.9685714285714287,0.058571428571428566
82012200-01,2010,0.0,300463.4768786127,2267.916184971098,5.849132947976871,100.0,540,152,20,672,Pine Tree Lake,45.10231359,-92.95386928,3.375,0.0195
82012300-01,2010,0.0,142077.60240963855,1664.5843373493976,7.286024096385541,100.0,280,52,8,324,Bass Lake,45.09714182,-92.91784653,2.2096428571428564,0.05042857142857143
82013700-01,2010,1097.0976809557274,214642.84539704848,1739.624033731553,3.2193042867181894,99.34533551554829,1152,271,18,1401,Fish Lake,45.12242547,-92.97796745,1.1003225806451615,0.10551612903225806
82015300-01,2010,0.0,132749.33147632313,1579.4623955431755,7.2658774373259085,100.0,630,88,36,682,Sunset Lake,45.13527125,-92.94157024,3.15,0.02025
82015900-01,2010,0.0,108746.68177525968,918.8574126534467,0.7093956562795174,100.0,2652,1584,4,4232,Forest Lake,45.28220571,-92.96654615,1.8714285714285712,0.028071428571428574
82033400-01,2010,0.0,114290.11494252873,1304.4367816091954,14.499885057471262,100.0,144,30,20,154,Kismet Lake,45.09536417,-92.8917326,1.3164285714285715,0.04135714285714286
82036800-01,2010,0.0,160344.73702422145,1599.4498269896194,3.968927335640141,100.0,440,138,22,556,Klawitter Pond,45.03272598,-92.90854993,0.36363636363636354,0.1549090909090909
02000500-01,2011,3094.5150336045276,108492.70251149629,1614.2316943756632,3.539069685178637,69.18995401485674,1924,903,0,0,George Watch Lake,45.17640481,-93.08905468,0.9733333333333335,0.11941666666666667
10000200-01,2011,1805.0983213429256,225793.7616906475,1486.9292565947242,0.3926798561151083,92.94117647058823,2378,958,10,808,Riley Lake,44.83469027,-93.51695191,2.7636363636363637,0.050272727272727274
10001100-01,2011,4406.519307589881,270403.7656458056,1992.728362183755,0.2979494007989347,89.61384820239681,663,88,0,751,St. Joe Lake,44.8756457,-93.62296909,2.3777777777777778,0.022111111111111113
10001900-01,2011,3878.4238372093023,247166.89941860465,1710.4784883720931,0.6112267441860462,72.70348837209303,2278,1084,22,3414,Bavaria Lake,44.83812233,-93.63778927,2.5733333333333333,0.037133333333333345
10005200-01,2011,4828.637627432809,146552.90083410565,1387.430954587581,8.903447636700651,49.58294717330862,570,483,55,1024,Reitz Lake,44.83862568,-93.74452179,1.2545454545454544,0.07045454545454545
10009500-01,2011,2694.383606557377,113721.34754098361,1211.7229508196722,15.856672131147523,55.73770491803278,382,228,45,565,Swede Lake,44.930824,-93.8182476,0.35000000000000003,0.33192857142857146
10012100-01,2011,2117.5571095571095,105660.78088578089,1176.820512820513,42.406223776223804,52.21445221445221,361,68,25,404,Eagle Lake,44.80860271,-93.93464391,0.5250000000000001,0.19757142857142856
19002100-01,2011,3165.6454628780934,139737.22438130155,2213.5087076076993,0.0,NaN,4779,676,0,5455,Alimagnet Lake,44.74812624,-93.24821298,1.25,0.05741666666666667
19002200-01,2011,3198.582658657613,129772.20997649517,2318.2089318359886,0.0,NaN,7143,515,0,7658,Long Lake,44.7559202,-93.17320832,1.6823835616438352,0.09931506849315064
19002300-01,2011,3468.541434028798,127926.65030855128,2491.67396414928,0.0,NaN,5962,844,0,6806,Farquar Lake,44.75863717,-93.1646402,0.6142857142857144,0.0995
19002400-01,2011,5489.92568597561,138366.22789634147,2993.840320121951,0.0,NaN,2115,509,0,2624,Wood Lake,44.74111827,-93.2658604,1.1416666666666664,0.04850000000000001
19002500-01,2011,3010.4655172413795,135248.48948696384,2210.2043734230447,0.0,NaN,2179,199,0,2378,Keller Lake,44.72650508,-93.2520238,0.8384615384615386,0.06646153846153846
19002601-01,2011,4282.393264748433,116866.69176981192,3041.8640090017684,0.6630011252210254,NaN,9010,3432,306,10422,Marion Lake,44.65825741,-93.27557035,1.8821428571428573,0.031785714285714285
19002700-01,2011,3384.472521551724,140523.3609913793,2246.4498922413795,0.0,NaN,1623,233,0,1856,Crystal Lake,44.72296805,-93.27036573,1.9999999999999998,0.02542857142857143
19002900-01,2011,5925.120948616601,135100.25217391303,2739.9675889328064,0.0,NaN,924,341,0,1265,Lee Lake,44.71229881,-93.28746428,2.4,0.0377
19003100-01,2011,2963.86117467582,157978.06407322653,2286.9614797864224,2.4016666666666655,NaN,1884,738,34,1913,Orchard Lake,44.7022537,-93.31089353,2.839285714285715,0.033357142857142856
19003300-01,2011,9048.98600311042,158357.74938902466,3969.7433903576984,0.0,NaN,3695,806,0,4501,Earley Lake,44.73975323,-93.29337284,1.9625,0.0315
19034800-01,2011,3356.118179398456,104242.41123236626,2143.7266435986157,0.0,NaN,6454,1060,23,7491,Valley Lake,44.71508954,-93.20902364,1.7416666666666665,0.084
19044600-01,2011,3380.9919874926713,138300.14539769397,2470.405706468634,0.0,NaN,4717,400,2,5115,Lac Lavon Lake,44.72061708,-93.24520003,3.3,0.045076923076923084
27003501-01,2011,6904.2228515625,185333.61875,1263.276171875,0.0,100.0,4265,855,0,5120,Sweeney Lake,44.99052075,-93.34160616,1.1666666666666667,0.04138888888888889
27004201-01,2011,4682.791922832309,143655.15603137587,1000.6966292134831,0.0,100.0,7691,1743,0,9434,Twin Lake,45.05077632,-93.33618999,1.8500000000000003,0.06249999999999999
27005300-01,2011,4134.040411815645,150503.27095160203,1024.5258346964304,0.0,100.0,8542,1851,0,10393,Cobblecrest Lake,44.95013,-93.39348337,0.46666666666666656,0.10866666666666665
27007000-01,2011,5245.782765621475,244902.27385517707,437.28220166929844,0.0,100.0,3860,573,0,4433,Mitchell Lake,44.85899641,-93.49817264,2.0153846153846158,0.04569230769230769
27062700-01,2011,4490.702532605399,146976.64983318167,1155.6248862602365,0.0,100.0,11493,1695,0,13188,Northwood Lake,45.02556284,-93.39171496,0.9583333333333331,0.12541666666666665
27071100-01,2011,8149.864342553998,191771.93229758748,992.7967664519389,0.0,100.0,6273,1644,0,7917,Westwood Lake,44.97082571,-93.38765176,1.08375,0.033875
70002600-01,2011,0.0,192889.24723247232,1211.4755535055351,0.36529059040590395,NaN,1857,311,6,0,Lower Prior Lake,44.73480944,-93.41536363,4.15,0.02616666666666666
82002000-01,2011,0.0,150346.0724331927,1120.420534458509,0.0004219409282700422,100.0,4004,1682,2,5684,McKusick Lake,45.060821,-92.8257844,2.407,0.06680000000000001
82003400-01,2011,0.0,0.0,668.2307692307693,0.0,100.0,12,14,2,24,East Boot Lake,45.16485991,-92.83095448,2.866,0.0396
82005400-01,2011,0.0,101863.40375586854,1015.0892018779343,0.0,100.0,314,112,54,372,Bone Lake,45.28659868,-92.86026082,1.5266666666666668,0.05026666666666667
82007700-01,2011,0.0,98686.40776699029,1484.893203883495,0.3825242718446602,100.0,186,18,24,180,Goggins Lake,45.13303508,-92.89283249,1.281666666666667,0.11058333333333333
82008700-01,2011,45.4274074648871,201889.47978583068,1149.9794366415767,0.011974858384418408,100.0,10322,2565,199,12688,Regional Park Lake,44.80553214,-92.90248396,2.4785714285714286,0.061571428571428576
82008900-01,2011,0.0,357957.00896286813,1415.3175416133163,0.03144686299615877,100.0,2350,772,2,3120,Markgraf Lake,44.94046314,-92.89723902,0.4576923076923078,0.13215384615384612
82009002-01,2011,0.0,214641.921372602,1645.883815185085,0.007306133477438529,100.0,6020,1382,0,7402,Wilmes Lake,44.92794439,-92.91260488,1.6090909090909091,0.06327272727272727
82009200-01,2011,0.0,355824.4253611557,1728.5104333868378,0.021043338683788125,100.0,934,312,0,1246,Powers Lake,44.92635622,-92.89985034,2.3285714285714287,0.05871428571428572
82009400-01,2011,0.0,244103.2035084896,1844.4881306831899,0.1332775408384968,100.0,10432,1995,22,12405,Colby Lake,44.91007106,-92.90834129,0.9071428571428571,0.10378571428571429
82009700-01,2011,5.578099280949493,2238279.6860434897,1533.7634930260765,0.4281824482370264,100.0,8739,2786,54,11469,La Lake,44.88725237,-92.9713984,2.3,0.08119999999999998
82010100-01,2011,0.0,115901.30215827338,1267.0359712230215,0.0,100.0,198,80,8,270,DeMontreville Lake,45.02166106,-92.93991097,3.5140000000000002,0.021700000000000004
82010300-01,2011,0.0,143529.49945235488,1341.078860898138,0.0,100.0,1620,206,0,1826,Olson Lake,45.01857051,-92.94542621,3.757222222222222,0.02366666666666667
82010400-01,2011,0.0,125333.14076246334,1585.1554252199414,0.0,100.0,596,86,14,668,Jane Lake,45.01606807,-92.92227254,3.8949999999999996,0.022000000000000002
82011602-01,2011,0.0,209028.635426145,1156.871398240825,0.009153776160145587,100.0,5124,1468,0,6592,Armstrong Lake,44.96252306,-92.93917709,1.0714285714285714,0.03657142857142857
82012200-01,2011,0.0,318558.85260115605,2249.9884393063585,0.0,100.0,534,158,20,672,Pine Tree Lake,45.10231359,-92.95386928,2.727272727272727,0.024272727272727276
82012300-01,2011,0.0,153558.3253012048,1665.5963855421687,0.0,100.0,282,50,8,324,Bass Lake,45.09714182,-92.91784653,2.32025641025641,0.0487948717948718
82013700-01,2011,1176.6282501756853,213829.71117357694,1758.6359803232608,0.20369641602248786,99.3517017828201,1176,245,18,1405,Fish Lake,45.12242547,-92.97796745,1.760975609756097,0.07307317073170733
82015300-01,2011,0.0,140532.38718662952,1579.4122562674095,0.03097493036211699,100.0,626,92,36,682,Sunset Lake,45.13527125,-92.94157024,2.84,0.0269
82015900-01,2011,0.0,113535.2845030617,916.1723975506359,0.0,100.0,2602,1642,4,4240,Forest Lake,45.28220571,-92.96654615,1.5812499999999996,0.03746875000000001
82033400-01,2011,0.0,114290.11494252873,1304.4367816091954,0.0,100.0,142,32,26,148,Kismet Lake,45.09536417,-92.8917326,1.8283333333333334,0.042916666666666665
82036800-01,2011,0.0,159071.97569444444,1604.7256944444443,0.0,100.0,444,130,22,552,Klawitter Pond,45.03272598,-92.90854993,0.7445454545454546,0.09699999999999999
02000500-01,2012,3117.516460176991,111443.42867256637,1630.7019469026548,3.6062867256637143,69.87610619469027,1946,879,0,0,George Watch Lake,45.17640481,-93.08905468,0.35900000000000004,0.26489999999999997
10000200-01,2012,1808.6696669666967,224619.98469846984,1475.026102610261,0.34838883888388944,94.18604651162791,2369,964,8,3325,Riley Lake,44.83469027,-93.51695191,2.207142857142857,0.061857142857142854
10001100-01,2012,4473.717709720373,273908.0665778961,2003.8521970705726,0.2979494007989348,89.88015978695073,655,96,0,751,St. Joe Lake,44.8756457,-93.62296909,2.6714285714285717,0.016285714285714285
10001900-01,2012,3802.915338097856,256225.801264431,1752.2792743265531,0.623834524463991,73.28202308960967,2313,1177,25,3609,Bavaria Lake,44.83812233,-93.63778927,1.7291666666666667,0.04833333333333333
10005200-01,2012,4458.1641118124435,169359.8169522092,1631.394950405771,8.594427412082958,59.33273219116321,601,474,54,1055,Reitz Lake,44.83862568,-93.74452179,1.2999999999999998,0.105
10009500-01,2012,2795.8094462540716,116589.71172638437,1222.0537459283387,15.88827361563516,55.537459283387626,364,250,43,571,Swede Lake,44.930824,-93.8182476,0.3428571428571428,0.3673571428571429
10012100-01,2012,2197.1916859122402,111462.41801385682,1178.8706697459584,42.4586143187067,52.19399538106235,368,65,25,408,Eagle Lake,44.80860271,-93.93464391,2.1972727272727273,0.09690909090909092
19002100-01,2012,3133.665626720499,145279.73169388878,2216.1449807304093,0.0,NaN,4718,731,0,5449,Alimagnet Lake,44.74812624,-93.24821298,1.4045454545454545,0.0689090909090909
19002200-01,2012,3230.5592070944185,162487.6748826291,2324.0233437663014,0.0,NaN,7064,604,0,7668,Long Lake,44.7559202,-93.17320832,1.8167959183673468,0.08791836734693875
19002300-01,2012,3464.610980622431,239726.0921902525,2536.712272460364,0.0,NaN,6039,773,0,6812,Farquar Lake,44.75863717,-93.1646402,0.6285714285714284,0.1657142857142857
19002400-01,2012,5588.636329017517,147136.19116527037,2992.520563594821,0.0,NaN,2081,545,0,2626,Wood Lake,44.74111827,-93.2658604,1.2769230769230768,0.07669230769230768
19002500-01,2012,3031.4314550042054,146235.8780487805,2211.8090832632465,0.0,NaN,2151,227,0,2378,Keller Lake,44.72650508,-93.2520238,0.6964285714285714,0.09171428571428572
19002601-01,2012,4310.281814595661,181300.35581854044,2973.575857988166,0.6292260355029587,NaN,9250,3425,307,12368,Marion Lake,44.65825741,-93.27557035,1.9642857142857142,0.02857142857142857
19002700-01,2012,3398.0005385029617,150831.4550350027,2245.267097469036,0.0,NaN,1594,263,0,1857,Crystal Lake,44.72296805,-93.27036573,2.0142857142857142,0.03457142857142857
19002900-01,2012,5946.469242902208,175766.5362776025,2733.9716088328078,0.0,NaN,921,347,0,1268,Lee Lake,44.71229881,-93.28746428,1.853846153846154,0.0436923076923077
19003100-01,2012,2912.988532110092,220381.84021406728,2307.3436544342508,2.4989793577981643,NaN,1897,719,34,2582,Orchard Lake,44.7022537,-93.31089353,3.0666666666666664,0.02125
19003300-01,2012,9306.479653102067,182546.21058483433,3995.74093840338,0.0,NaN,3662,835,0,4497,Earley Lake,44.73975323,-93.29337284,1.9166666666666667,0.05575
19034800-01,2012,3433.145251396648,158170.27174780527,2148.268688480979,0.0,NaN,6386,1132,23,7495,Valley Lake,44.71508954,-93.20902364,1.3923076923076922,0.08230769230769232
19044600-01,2012,3392.130485211676,186130.71853856562,2449.946259423932,0.0,NaN,4691,482,2,5171,Lac Lavon Lake,44.72061708,-93.24520003,3.564285714285714,0.026142857142857145
27003501-01,2012,7082.921442495127,188621.63391812865,1275.101754385965,0.0,100.0,4255,875,0,5130,Sweeney Lake,44.99052075,-93.34160616,1.1888888888888889,0.047333333333333324
27004201-01,2012,4843.167650158061,134105.7051633298,992.3608008429926,0.0,100.0,7619,1871,0,9490,Twin Lake,45.05077632,-93.33618999,0.9187500000000001,0.15506250000000002
27005300-01,2012,4248.219917410928,153478.51128397195,1048.2440218957072,0.0,100.0,8536,1877,0,10413,Cobblecrest Lake,44.95013,-93.39348337,0.5499999999999999,0.1185
27007000-01,2012,5279.686610973132,246147.59539399412,437.67712801986903,0.0,100.0,3862,567,0,4429,Mitchell Lake,44.85899641,-93.49817264,1.6916666666666667,0.0585
27062700-01,2012,4540.66239186523,149598.5492487479,1160.071103354075,0.0,100.0,11399,1779,0,13178,Northwood Lake,45.02556284,-93.39171496,0.7454545454545454,0.21872727272727274
27071100-01,2012,8484.643298449124,197697.85247761945,994.5966460723743,0.0,100.0,6213,1718,0,7931,Westwood Lake,44.97082571,-93.38765176,1.275,0.10116666666666667
70002600-01,2012,0.0,192622.70290188852,1215.6485490557347,0.36658222017503445,NaN,1829,342,6,2165,Lower Prior Lake,44.73480944,-93.41536363,4.142857142857142,0.028857142857142866
82002000-01,2012,0.0,172780.49402250352,1124.237341772152,0.0,100.0,3984,1690,2,5672,McKusick Lake,45.060821,-92.8257844,2.530818181818182,0.05781818181818183
82003400-01,2012,0.0,0.0,668.2307692307693,0.0,100.0,12,14,2,24,East Boot Lake,45.16485991,-92.83095448,4.338333333333333,0.035666666666666666
82005400-01,2012,0.0,105954.80568720379,1021.7535545023696,0.0,100.0,312,108,54,366,Bone Lake,45.28659868,-92.86026082,1.2307692307692308,0.06092307692307693
82007700-01,2012,0.0,112383.16831683168,1526.1089108910892,0.0,100.0,184,18,24,178,Goggins Lake,45.13303508,-92.89283249,1.3681818181818182,0.11172727272727272
82008700-01,2012,47.92704695382228,203915.27310826542,1152.3417151726815,0.0,100.0,10314,2569,201,12682,Regional Park Lake,44.80553214,-92.90248396,1.8457142857142859,0.09085714285714286
82008900-01,2012,0.0,354006.95006402046,1423.6760563380283,0.0,100.0,2370,752,2,3120,Markgraf Lake,44.94046314,-92.89723902,0.359090909090909,0.14818181818181816
82009002-01,2012,0.0,215428.0308108108,1709.3345945945946,0.0,100.0,5994,1400,0,7394,Wilmes Lake,44.92794439,-92.91260488,1.3000000000000003,0.09253846153846156
82009200-01,2012,0.0,359026.062600321,1748.1139646869983,0.0,100.0,936,310,0,1246,Powers Lake,44.92635622,-92.89985034,4.4399999999999995,0.031615384615384615
82009400-01,2012,0.0,238477.4141476614,1813.2918438345573,0.0,100.0,10444,2029,22,12451,Colby Lake,44.91007106,-92.90834129,0.7230769230769231,0.11723076923076922
82009700-01,2012,0.0,2233439.39128183,1542.7547690979716,0.011772119119551143,100.0,8777,2748,56,11469,La Lake,44.88725237,-92.9713984,1.4909090909090907,0.10072727272727272
82010100-01,2012,0.0,118951.6618705036,1259.179856115108,0.0,100.0,200,78,8,270,DeMontreville Lake,45.02166106,-92.93991097,3.3766666666666665,0.022466666666666673
82010300-01,2012,0.0,144802.43311403508,1344.595394736842,0.0,100.0,1626,194,0,1820,Olson Lake,45.01857051,-92.94542621,2.9916666666666667,0.021416666666666667
82010400-01,2012,0.0,128956.30791788857,1585.1554252199414,0.0,100.0,594,88,14,668,Jane Lake,45.01606807,-92.92227254,5.2,0.015166666666666667
82011602-01,2012,0.0,210444.37007874015,1157.1305269533616,0.0,100.0,5116,1474,0,6590,Armstrong Lake,44.96252306,-92.93917709,0.9857142857142857,0.04871428571428572
82012200-01,2012,0.0,318963.4768786127,2248.615606936416,0.0,100.0,528,164,20,672,Pine Tree Lake,45.10231359,-92.95386928,2.9818181818181824,0.020181818181818183
82012300-01,2012,0.0,157781.18072289156,1675.5481927710844,0.0,100.0,290,42,14,318,Bass Lake,45.09714182,-92.91784653,2.692956521739131,0.037130434782608704
82013700-01,2012,0.0,225584.3281799016,1770.3576950105412,0.20369641602248778,99.3517017828201,1184,235,18,1405,Fish Lake,45.12242547,-92.97796745,1.506333333333334,0.10889743589743589
82015300-01,2012,0.0,141105.3676880223,1589.4373259052925,0.0,100.0,628,90,32,686,Sunset Lake,45.13527125,-92.94157024,3.164285714285714,0.025428571428571432
82015900-01,2012,0.0,116423.1689476168,916.2840962718263,0.0,100.0,2540,1674,4,4210,Forest Lake,45.28220571,-92.96654615,1.8711111111111098,0.039177777777777784
82033400-01,2012,0.0,112449.88505747127,1304.4367816091954,0.0,100.0,152,22,26,148,Kismet Lake,45.09536417,-92.8917326,1.5950000000000002,0.039
82036800-01,2012,0.0,165073.86805555556,1612.795138888889,0.0,100.0,442,134,22,554,Klawitter Pond,45.03272598,-92.90854993,0.8625000000000002,0.08866666666666667
02000500-01,2013,3047.3649635036495,113113.3055265902,1978.4827945776851,3.5410914146680548,70.49009384775809,1934,943,0,0,George Watch Lake,45.17640481,-93.08905468,0.36500000000000005,0.3105
10000200-01,2013,1760.3326403326403,224657.20493020493,1469.5993465993465,0.3819899019899029,94.73684210526315,2342,993,8,3359,Riley Lake,44.83469027,-93.51695191,1.4727272727272727,0.034727272727272725
10001100-01,2013,4434.5635648754915,274600.7155963303,1969.3014416775884,0.26107470511140235,88.20445609436435,651,112,0,763,St. Joe Lake,44.8756457,-93.62296909,2.483333333333334,0.013333333333333334
10001900-01,2013,3442.986578880729,254321.9199797417,1757.6300329197265,0.5932185363383133,73.13243859204862,2511,1438,25,3924,Bavaria Lake,44.83812233,-93.63778927,1.2000000000000002,0.034636363636363646
10005200-01,2013,4108.900641025641,175924.70993589744,1596.3758012820513,7.611201923076924,60.016025641025635,748,500,59,1189,Reitz Lake,44.83862568,-93.74452179,1.3666666666666665,0.09266666666666666
10009500-01,2013,2805.128289473684,117154.03782894737,1150.9440789473683,15.676299342105246,56.085526315789465,381,227,42,566,Swede Lake,44.930824,-93.8182476,0.5,0.298
10012100-01,2013,2141.804195804196,114848.01864801865,1195.8484848484848,42.17958041958045,52.21445221445221,361,68,25,404,Eagle Lake,44.80860271,-93.93464391,0.5875,0.2085
19002100-01,2013,3054.8829142962013,147245.95522114148,2226.2734446687464,0.0,NaN,4696,753,0,5449,Alimagnet Lake,44.74812624,-93.24821298,0.8100000000000002,0.0887
19002200-01,2013,3152.4363588941055,164687.18427230048,2363.0340375586857,0.0,NaN,7055,613,0,7668,Long Lake,44.7559202,-93.17320832,1.63875,0.0635
19002300-01,2013,3469.0770698766883,242450.60848502643,2568.5226071638285,0.0,NaN,6047,765,0,6812,Farquar Lake,44.75863717,-93.1646402,0.72,0.11253846153846153
19002400-01,2013,5504.586671802774,166631.7557781202,3081.3717257318954,0.0,NaN,2048,548,0,2596,Wood Lake,44.74111827,-93.2658604,1.2833333333333334,0.035083333333333334
19002500-01,2013,2922.2014297729183,147934.37846930194,2213.178301093356,0.0,NaN,2137,241,0,2378,Keller Lake,44.72650508,-93.2520238,0.5590909090909091,0.11627272727272729
19002601-01,2013,4350.093786453068,190092.8381678202,3072.1206936775798,0.6217466365969357,NaN,9510,3349,301,12558,Marion Lake,44.65825741,-93.27557035,1.9923076923076921,0.023923076923076922
19002700-01,2013,3229.5288099084546,152809.76305869682,2246.2514808831447,0.0,NaN,1588,269,0,1857,Crystal Lake,44.72296805,-93.27036573,1.807692307692307,0.02876923076923077
19002900-01,2013,5928.2484227129335,178430.3643533123,2733.1388012618295,0.0,NaN,914,354,0,1268,Lee Lake,44.71229881,-93.28746428,2.190909090909091,0.024181818181818183
19003100-01,2013,2868.330019120459,226448.31281070746,2320.223709369025,2.4110554493307843,NaN,1900,715,32,2583,Orchard Lake,44.7022537,-93.31089353,3.1035714285714286,0.0165
19003300-01,2013,9779.182121414276,208067.1378696909,3995.2099177229265,0.0,NaN,3640,857,0,4497,Earley Lake,44.73975323,-93.29337284,1.5692307692307694,0.031692307692307686
19034800-01,2013,3494.7753391859537,159383.91447193403,2158.87363660548,0.0,NaN,6312,1206,21,7497,Valley Lake,44.71508954,-93.20902364,1.1545454545454545,0.17709090909090908
19044600-01,2013,3321.3257297506284,190332.04388169342,2451.97370964624,0.0,NaN,4691,482,2,5171,Lac Lavon Lake,44.72061708,-93.24520003,3.661538461538462,0.008
27003501-01,2013,7121.2695686121415,195481.23599453445,1272.5022447784502,0.0,100.0,4206,913,0,5123,Sweeney Lake,44.99052075,-93.34160616,1.1444444444444446,0.036444444444444446
27004201-01,2013,4930.376759445444,137615.6784844957,995.9868769181924,0.0,100.0,7511,1896,0,9449,Twin Lake,45.05077632,-93.33618999,2.61219512195122,0.05602439024390242
27005300-01,2013,4162.3001250120205,158140.4436965093,1048.4250408693144,0.0,100.0,8488,1911,0,10399,Cobblecrest Lake,44.95013,-93.39348337,0.5714285714285714,0.07185714285714286
27007000-01,2013,5157.833483754513,249423.50406137184,438.365523465704,0.0,100.0,3807,625,0,4432,Mitchell Lake,44.85899641,-93.49817264,1.5666666666666667,0.040833333333333326
27062700-01,2013,4354.510969407121,151112.29924846278,1160.5061868974417,0.0,100.0,11268,1905,0,13173,Northwood Lake,45.02556284,-93.39171496,0.8999999999999999,0.15400000000000003
27071100-01,2013,8922.139816097746,205492.26628038796,992.8250409371458,0.0,100.0,6177,1750,0,7939,Westwood Lake,44.97082571,-93.38765176,1.4,0.0575
70002600-01,2013,0.0,203549.34131736527,1204.3247351450943,0.3665361584523262,NaN,1817,354,6,2165,Lower Prior Lake,44.73480944,-93.41536363,3.436363636363636,0.01890909090909091
82002000-01,2013,0.0,163089.27057576829,1129.3938537619215,0.0,100.0,3948,1692,2,5638,McKusick Lake,45.060821,-92.8257844,1.7981818181818183,0.06127272727272728
82003400-01,2013,0.0,0.0,668.2307692307693,0.0,100.0,12,14,4,22,East Boot Lake,45.16485991,-92.83095448,3.8823333333333334,0.024000000000000004
82005400-01,2013,0.0,105552.88095238095,1022.2,0.0,100.0,314,104,52,366,Bone Lake,45.28659868,-92.86026082,1.296,0.039680000000000014
82007700-01,2013,0.0,112383.16831683168,1526.1089108910892,0.0,100.0,178,24,24,178,Goggins Lake,45.13303508,-92.89283249,1.1016666666666668,0.0666666666666667
82008700-01,2013,47.215830115830116,202931.31366795365,1146.2989189189188,0.0,100.0,10191,2683,187,12687,Regional Park Lake,44.80553214,-92.90248396,1.9757142857142858,0.050142857142857156
82008900-01,2013,0.0,362529.8452685422,1421.8554987212276,0.0,100.0,2316,802,2,3116,Markgraf Lake,44.94046314,-92.89723902,0.4165384615384615,0.107
82009002-01,2013,0.0,214869.88784038826,1705.5297923968724,0.0,100.0,5924,1494,0,7418,Wilmes Lake,44.92794439,-92.91260488,0.8961538461538461,0.06907692307692306
82009200-01,2013,0.0,359330.64847512037,1747.733547351525,0.0,100.0,940,306,0,1246,Powers Lake,44.92635622,-92.89985034,4.8369230769230755,0.024692307692307697
82009400-01,2013,0.0,233116.02615070666,1772.1729272163857,0.0,100.0,10434,2531,18,12947,Colby Lake,44.91007106,-92.90834129,0.6638461538461538,0.1566923076923077
82009700-01,2013,0.0,2224438.175544273,1538.3276826434903,0.011735650976680148,100.0,8765,2800,56,11509,La Lake,44.88725237,-92.9713984,1.5,0.0695
82010100-01,2013,0.0,118951.6618705036,1253.3453237410072,0.0,100.0,200,78,6,272,DeMontreville Lake,45.02166106,-92.93991097,3.7153846153846146,0.013692307692307691
82010300-01,2013,0.0,144170.1080786026,1338.7237991266375,0.0,100.0,1604,228,0,1832,Olson Lake,45.01857051,-92.94542621,3.8208333333333333,0.015583333333333331
82010400-01,2013,0.0,128956.30791788857,1585.1554252199414,0.0,100.0,592,90,12,670,Jane Lake,45.01606807,-92.92227254,4.6625,0.00875
82011602-01,2013,0.0,209630.93018325005,1157.7337573830077,0.0,100.0,5028,1563,0,6591,Armstrong Lake,44.96252306,-92.93917709,0.08,0.061
82012200-01,2013,0.0,317130.3534482759,2255.830459770115,0.0,100.0,530,166,20,676,Pine Tree Lake,45.10231359,-92.95386928,2.75,0.019000000000000006
82012300-01,2013,0.0,157781.18072289156,1675.5481927710844,0.0,100.0,282,50,14,318,Bass Lake,45.09714182,-92.91784653,2.3430000000000004,0.03005000000000001
82013700-01,2013,0.0,225465.66408995082,1764.6584680252986,0.20369641602248784,99.34959349593497,1174,245,18,1405,Fish Lake,45.12242547,-92.97796745,1.1319230769230773,0.06142307692307691
82015300-01,2013,0.0,141755.81792717087,1590.6554621848738,0.0,100.0,612,96,34,674,Sunset Lake,45.13527125,-92.94157024,2.6714285714285713,0.01157142857142857
82015900-01,2013,0.0,116084.0260663507,918.6682464454976,0.0,100.0,2502,1704,4,4202,Forest Lake,45.28220571,-92.96654615,1.6105882352941172,0.031249999999999993
82033400-01,2013,0.0,106300.45977011495,1298.2528735632184,0.0,100.0,148,22,26,144,Kismet Lake,45.09536417,-92.8917326,1.67,0.025
82036800-01,2013,0.0,165073.86805555556,1602.7465277777778,0.0,100.0,438,138,20,556,Klawitter Pond,45.03272598,-92.90854993,0.8181818181818182,0.06390909090909092
02000500-01,2014,3018.9038395019024,116118.37426496022,1996.0280179868557,3.526800415081284,70.07955724662747,1922,969,0,0,George Watch Lake,45.17640481,-93.08905468,0.7166666666666666,0.10877777777777778
10000200-01,2014,1780.8606168446026,229754.39709371293,1485.5160142348755,0.3826631079478059,94.18604651162791,2341,1031,8,3364,Riley Lake,44.83469027,-93.51695191,1.953846153846154,0.04046153846153847
10001100-01,2014,4587.409150326797,287604.27973856207,2034.265359477124,0.28203921568627466,89.54248366013073,647,118,0,761,St. Joe Lake,44.8756457,-93.62296909,2.4857142857142853,0.021714285714285714
10001900-01,2014,3704.855563928661,267593.9090680733,1889.4621954282843,0.5877869881939208,78.34714895754836,2661,1320,25,3910,Bavaria Lake,44.83812233,-93.63778927,1.723076923076923,0.037384615384615384
10005200-01,2014,4376.234915526951,212453.74899436848,1910.748189863234,7.72530973451328,72.48592115848753,854,389,60,1178,Reitz Lake,44.83862568,-93.74452179,1.491666666666667,0.09466666666666668
10009500-01,2014,2853.3944353518823,121384.46808510639,1194.581014729951,15.669361702127647,56.955810147299516,377,234,40,571,Swede Lake,44.930824,-93.8182476,0.5642857142857143,0.1452857142857143
10012100-01,2014,2353.5581395348836,113913.48837209302,1188.5604651162791,42.555232558139544,52.32558139534884,360,70,25,401,Eagle Lake,44.80860271,-93.93464391,0.7192307692307692,0.17946153846153848
19002100-01,2014,3127.809139291613,149441.3617177464,2227.4075977243533,0.0,NaN,4691,758,0,5449,Alimagnet Lake,44.74812624,-93.24821298,0.9666666666666668,0.0825
19002200-01,2014,3257.099491459121,167024.7131307863,2372.3853175120616,0.0,NaN,7012,657,0,7669,Long Lake,44.7559202,-93.17320832,1.4262318840579717,0.07817391304347823
19002300-01,2014,3608.343818903425,244483.32294575922,2584.241511098045,0.0,NaN,6075,728,0,6803,Farquar Lake,44.75863717,-93.1646402,0.7540000000000001,0.1256
19002400-01,2014,5834.378264208909,185833.3940092166,3256.38287250384,0.0,NaN,2026,578,0,2604,Wood Lake,44.74111827,-93.2658604,1.333333333333333,0.03488888888888889
19002500-01,2014,3019.7636669470144,150536.9512195122,2216.6711522287637,0.0,NaN,2125,253,0,2378,Keller Lake,44.72650508,-93.2520238,0.8214285714285715,0.08928571428571429
19002601-01,2014,4541.331007514185,197668.5335071308,3139.4315289066094,0.6171975157184479,NaN,9701,3341,289,12753,Marion Lake,44.65825741,-93.27557035,2.4214285714285717,0.019142857142857145
19002700-01,2014,3357.570813139472,156326.48357565966,2245.6332794830373,0.0,NaN,1580,277,0,1857,Crystal Lake,44.72296805,-93.27036573,1.9600000000000002,0.024400000000000005
19002900-01,2014,6112.31309148265,178808.70820189273,2758.102523659306,0.0,NaN,905,363,0,1268,Lee Lake,44.71229881,-93.28746428,2.690909090909091,0.02145454545454546
19003100-01,2014,3045.5592180912226,235755.4296665389,2355.0321962437715,2.5137792257569944,NaN,1916,693,34,2575,Orchard Lake,44.7022537,-93.31089353,2.4961538461538457,0.01946153846153846
19003300-01,2014,9844.647830923248,223846.99065628476,4005.3586206896553,0.0,NaN,3611,884,0,4495,Earley Lake,44.73975323,-93.29337284,1.4642857142857142,0.04007142857142858
19034800-01,2014,3495.2146464646466,161147.42862838914,2177.000398724083,0.0,NaN,6237,1287,14,7510,Valley Lake,44.71508954,-93.20902364,1.5916666666666668,0.07525
19044600-01,2014,3472.543591726271,196157.09356272957,2477.759520587667,0.0,NaN,4706,467,2,5171,Lac Lavon Lake,44.72061708,-93.24520003,4.08,0.00946666666666667
27003501-01,2014,7430.515311098108,201399.09966842207,1200.9520187244002,0.0,91.23152709359606,4212,909,0,5127,Sweeney Lake,44.99052075,-93.34160616,1.442857142857143,0.050357142857142864
27004201-01,2014,5200.997464877997,132763.14439632406,978.4482940741523,0.0,99.27614911328266,7483,1966,0,9467,Twin Lake,45.05077632,-93.33618999,2.0201538461538466,0.050307692307692324
27005300-01,2014,4323.936376741951,162860.56011532916,1023.9256126862085,0.0,99.54151808456444,8443,1956,0,10405,Cobblecrest Lake,44.95013,-93.39348337,0.5,0.08666666666666667
27007000-01,2014,5184.522337545126,252225.50541516245,438.365523465704,0.0,100.0,3745,687,0,4432,Mitchell Lake,44.85899641,-93.49817264,1.5384615384615385,0.03738461538461538
27062700-01,2014,4435.159240986717,153508.5296394687,1128.18944971537,0.0,98.92752119010552,11186,1987,0,13175,Northwood Lake,45.02556284,-93.39171496,1.1333333333333333,0.12241666666666669
27071100-01,2014,9324.305276381909,219753.96130653267,931.3047738693467,0.0,94.51754385964912,6156,1784,0,7960,Westwood Lake,44.97082571,-93.38765176,1.5454545454545454,0.028727272727272733
70002600-01,2014,0.0,216217.06298142276,1176.1436338921612,0.3598957861350246,NaN,1817,390,6,2201,Lower Prior Lake,44.73480944,-93.41536363,1.8833333333333337,0.02788888888888889
82002000-01,2014,0.0,162888.83881230117,1129.3941322021915,0.0,100.0,3958,1696,2,5652,McKusick Lake,45.060821,-92.8257844,1.8666666666666663,0.053916666666666675
82003400-01,2014,0.0,0.0,668.2307692307693,0.0,100.0,12,14,4,22,East Boot Lake,45.16485991,-92.83095448,4.205000000000001,0.01841666666666667
82005400-01,2014,0.0,103469.49289099526,1012.0947867298578,0.0,100.0,312,102,52,362,Bone Lake,45.28659868,-92.86026082,1.3409090909090908,0.0395909090909091
82007700-01,2014,0.0,112383.16831683168,1526.1089108910892,0.0,100.0,180,22,24,178,Goggins Lake,45.13303508,-92.89283249,1.055,0.07116666666666667
82008700-01,2014,45.79418792877515,202574.27056193634,1143.8921606413319,0.0,100.0,10162,2803,181,12784,Regional Park Lake,44.80553214,-92.90248396,2.513333333333333,0.0515
82008900-01,2014,0.0,346219.5503731343,1382.9490049751244,0.0,100.0,2282,836,2,3116,Markgraf Lake,44.94046314,-92.89723902,0.9643333333333333,0.08208333333333333
82009002-01,2014,0.0,213686.7688590604,1696.048590604027,0.0,100.0,5888,1518,0,7406,Wilmes Lake,44.92794439,-92.91260488,1.1275000000000002,0.06616666666666668
82009200-01,2014,0.0,359103.0499194847,1748.6859903381642,0.0,100.0,936,306,0,1242,Powers Lake,44.92635622,-92.89985034,2.4133333333333336,0.034
82009400-01,2014,0.0,230633.97666591877,1753.2779896791565,0.0,100.0,10592,2631,20,13203,Colby Lake,44.91007106,-92.90834129,0.9150000000000004,0.11675
82009700-01,2014,6.205355619989766,2202865.191710728,1521.7748592870544,0.011630564557393828,100.0,8732,2826,54,11504,La Lake,44.88725237,-92.9713984,1.688888888888889,0.06266666666666668
82010100-01,2014,0.0,118951.6618705036,1253.3453237410072,0.0,100.0,198,80,6,272,DeMontreville Lake,45.02166106,-92.93991097,2.8400000000000003,0.0162
82010300-01,2014,0.0,144222.87802197802,1333.7813186813187,0.0,100.0,1580,224,0,1804,Olson Lake,45.01857051,-92.94542621,3.3181818181818183,0.017454545454545455
82010400-01,2014,0.0,128956.30791788857,1585.1554252199414,0.0,100.0,590,92,12,670,Jane Lake,45.01606807,-92.92227254,4.2,0.0165
82011602-01,2014,0.0,208430.96401144407,1150.4454148471616,0.0,100.0,4980,1613,0,6593,Armstrong Lake,44.96252306,-92.93917709,0.7040000000000001,0.0656
82012200-01,2014,0.0,318963.4768786127,2261.8526011560693,0.0,100.0,528,164,20,672,Pine Tree Lake,45.10231359,-92.95386928,2.5,0.030400000000000003
82012300-01,2014,0.0,157781.18072289156,1675.5481927710844,0.0,100.0,288,44,14,318,Bass Lake,45.09714182,-92.91784653,2.32,0.027611111111111128
82013700-01,2014,1199.8955123911587,212105.02210314802,1699.357669122572,0.19751507032819837,99.35064935064936,1180,237,18,1403,Fish Lake,45.12242547,-92.97796745,0.7941666666666666,0.11508333333333333
82015300-01,2014,0.0,142151.19943820225,1590.1039325842696,0.0,100.0,610,100,34,676,Sunset Lake,45.13527125,-92.94157024,3.28125,0.015875
82015900-01,2014,0.0,116348.85231866826,919.5001189060642,0.0,100.0,2477,1720,4,4193,Forest Lake,45.28220571,-92.96654615,1.6,0.02635999999999999
82033400-01,2014,0.0,106300.45977011495,1298.2528735632184,0.0,100.0,146,28,26,148,Kismet Lake,45.09536417,-92.8917326,1.625,0.032916666666666664
82036800-01,2014,0.0,165073.86805555556,1602.7465277777778,0.0,100.0,442,134,18,558,Klawitter Pond,45.03272598,-92.90854993,0.8344444444444443,0.08444444444444443
